Date,Time,Sample_ID,Treatment ,Site,Set,Replicate,Sample_Number,DO_mg,DO_P,Temp,Sal,spec_pH,TA,pCO2,OmegaCa
11/9/18,21:58,PR-1-06-L,Low,Piankatank,Set1,6,33,9.07,96.4,16.8,5.54,,,,
11/9/18,8:03,Low Sump,Low,Sump,Set1,1,sump,9.16,100,18.3,5.47,7.51465286,486.435,567.885078,0.6070332
11/9/18,22:33,UC-1-07-L,Low,Urbanna Creek,Set1,7,47,9.04,96.6,16.8,5.54,,,,
11/9/18,8:03,Low Sump,Low,Sump,Set1,1,sump,9.16,100,18.3,5.47,7.51465286,486.435,567.885078,0.6070332
11/9/18,21:07,PR-1-01-L,Low,Piankatank,Set1,1,15,9.2,99.6,16.8,5.55,7.42116771,457.995,544.087328,0.11165018
11/9/18,8:03,Low Sump,Low,Sump,Set1,1,sump,9.16,100,18.3,5.47,7.51465286,486.435,567.885078,0.6070332
11/9/18,21:54,MR-1-05-L,Low,Merroir,Set1,5,30,9.19,98.3,16.8,5.55,,,,
11/9/18,8:03,Low Sump,Low,Sump,Set1,1,sump,9.16,100,18.3,5.47,7.51465286,486.435,567.885078,0.6070332
11/9/18,21:56,UC-1-01-L,Low,Urbanna Creek,Set1,1,31,9.11,97.3,16.7,5.55,,,,
11/9/18,8:03,Low Sump,Low,Sump,Set1,1,sump,9.16,100,18.3,5.47,7.51465286,486.435,567.885078,0.6070332
11/9/18,22:01,UC-1-04-L,Low,Urbanna Creek,Set1,4,35,9.81,97.9,16.7,5.55,,,,
11/9/18,8:03,Low Sump,Low,Sump,Set1,1,sump,9.16,100,18.3,5.47,7.51465286,486.435,567.885078,0.6070332
11/9/18,22:05,MR-1-07-L,Low,Merroir,Set1,7,38,9.03,96.4,16.8,5.55,,,,
11/9/18,8:03,Low Sump,Low,Sump,Set1,1,sump,9.16,100,18.3,5.47,7.51465286,486.435,567.885078,0.6070332
11/9/18,21:19,UC-1-05-L,Low,Urbanna Creek,Set1,5,19,9.08,97.1,16.9,5.56,,,,
11/9/18,8:03,Low Sump,Low,Sump,Set1,1,sump,9.16,100,18.3,5.47,7.51465286,486.435,567.885078,0.6070332
11/9/18,21:32,UC-1-03-L,Low,Urbanna Creek,Set1,3,27,9.01,97.4,16.9,5.56,,,,
11/9/18,8:03,Low Sump,Low,Sump,Set1,1,sump,9.16,100,18.3,5.47,7.51465286,486.435,567.885078,0.6070332
11/9/18,22:36,VP-1-07-L,Low,VIMS Pier,Set1,7,50,9.21,98.3,16.8,5.56,7.52018469,598.23,563.348316,0.18249394
11/9/18,8:03,Low Sump,Low,Sump,Set1,1,sump,9.16,100,18.3,5.47,7.51465286,486.435,567.885078,0.6070332
11/9/18,21:57,MR-1-02-L,Low,Merroir,Set1,2,32,9.13,97.4,16.7,5.57,,,,
11/9/18,8:03,Low Sump,Low,Sump,Set1,1,sump,9.16,100,18.3,5.47,7.51465286,486.435,567.885078,0.6070332
11/9/18,21:14,UC-1-06-L,Low,Urbanna Creek,Set1,6,16,9.14,98,16.8,5.58,,,,
11/9/18,8:03,Low Sump,Low,Sump,Set1,1,sump,9.16,100,18.3,5.47,7.51465286,486.435,567.885078,0.6070332
11/9/18,21:28,MR-1-04-L,Low,Merroir,Set1,4,25,8.5,90.9,16.8,5.58,,,,
11/9/18,8:03,Low Sump,Low,Sump,Set1,1,sump,9.16,100,18.3,5.47,7.51465286,486.435,567.885078,0.6070332
11/9/18,22:44,PR-1-05-L,Low,Piankatank,Set1,5,55,9.08,96.7,16.8,5.58,,,,
11/9/18,8:03,Low Sump,Low,Sump,Set1,1,sump,9.16,100,18.3,5.47,7.51465286,486.435,567.885078,0.6070332
11/9/18,21:16,PR-1-03-L,Low,Piankatank,Set1,3,17,9.14,97.5,16.8,5.59,,,,
11/9/18,8:03,Low Sump,Low,Sump,Set1,1,sump,9.16,100,18.3,5.47,7.51465286,486.435,567.885078,0.6070332
11/9/18,22:35,VP-1-04-L,Low,VIMS Pier,Set1,4,49,9.11,97.1,16.7,5.59,,,,
11/9/18,8:03,Low Sump,Low,Sump,Set1,1,sump,9.16,100,18.3,5.47,7.51465286,486.435,567.885078,0.6070332
11/9/18,20:41,PR-1-02-L,Low,Piankatank,Set1,2,10,9.36,101.5,16.9,5.6,,,,
11/9/18,8:03,Low Sump,Low,Sump,Set1,1,sump,9.16,100,18.3,5.47,7.51465286,486.435,567.885078,0.6070332
11/9/18,20:56,PR-1-04-L,Low,Piankatank,Set1,4,14,9.2,98.7,17,5.6,,,,
11/9/18,8:03,Low Sump,Low,Sump,Set1,1,sump,9.16,100,18.3,5.47,7.51465286,486.435,567.885078,0.6070332
11/9/18,21:52,UC-1-02-L,Low,Urbanna Creek,Set1,2,29,9.34,100.1,16.8,5.6,7.255403333,390.215,682.52459,
11/9/18,8:03,Low Sump,Low,Sump,Set1,1,sump,9.16,100,18.3,5.47,7.51465286,486.435,567.885078,0.6070332
11/9/18,20:16,MR-1-01-L,Low,Merroir,Set1,1,4,9.07,96.9,16.8,5.61,,,,
11/9/18,8:03,Low Sump,Low,Sump,Set1,1,sump,9.16,100,18.3,5.47,7.51465286,486.435,567.885078,0.6070332
11/9/18,22:09,VP-1-06-L,Low,VIMS Pier,Set1,6,41,8.87,94.6,16.8,5.61,,,,
11/9/18,8:03,Low Sump,Low,Sump,Set1,1,sump,9.16,100,18.3,5.47,7.51465286,486.435,567.885078,0.6070332
11/9/18,22:10,VP-1-05-L,Low,VIMS Pier,Set1,5,42,9.2,98.2,16.8,5.61,,,,
11/9/18,8:03,Low Sump,Low,Sump,Set1,1,sump,9.16,100,18.3,5.47,7.51465286,486.435,567.885078,0.6070332
11/9/18,20:12,MR-1-03-L,Low,Merroir,Set1,3,2,9.12,100.1,16.8,5.63,,,,
11/9/18,8:03,Low Sump,Low,Sump,Set1,1,sump,9.16,100,18.3,5.47,7.51465286,486.435,567.885078,0.6070332
11/9/18,20:28,PR-1-07-L,Low,Piankatank,Set1,7,6,8.98,96,16.8,5.64,,,,
11/9/18,8:03,Low Sump,Low,Sump,Set1,1,sump,9.16,100,18.3,5.47,7.51465286,486.435,567.885078,0.6070332
11/9/18,21:22,VP-1-03-L,Low,VIMS Pier,Set1,3,21,8.78,93.8,16.8,5.64,,,,
11/9/18,8:03,Low Sump,Low,Sump,Set1,1,sump,9.16,100,18.3,5.47,7.51465286,486.435,567.885078,0.6070332
11/9/18,22:02,VP-1-02-L,Low,VIMS Pier,Set1,2,36,8.99,96,16.7,5.64,,,,
11/9/18,8:03,Low Sump,Low,Sump,Set1,1,sump,9.16,100,18.3,5.47,7.51465286,486.435,567.885078,0.6070332
11/9/18,20:27,MR-1-06-L,Low,Merroir,Set1,6,7,8.21,92.1,16.9,5.67,7.279393333,630.015,902.2259,
11/9/18,8:03,Low Sump,Low,Sump,Set1,1,sump,9.16,100,18.3,5.47,7.51465286,486.435,567.885078,0.6070332
11/9/18,20:10,VP-1-01-L,Low,VIMS Pier,Set1,1,1,9.97,110.9,16.8,5.68,,,,
11/9/18,8:03,Low Sump,Low,Sump,Set1,1,sump,9.16,100,18.3,5.47,7.51465286,486.435,567.885078,0.6070332
11/10/18,9:01,PR-1-03-L,Low,Piankatank,Set1,3,17,9.3,97.2,16.3,4.5,,,,
11/9/18,19:57,Low Sump,Low,Sump,Set1,1,sump,8.41,98.7,18.7,4.44,7.44507454,386.6,449.40593,0.10319379
11/10/18,9:14,UC-1-03-L,Low,Urbanna Creek,Set1,3,27,9.34,97.6,16.3,4.5,,,,
11/9/18,19:57,Low Sump,Low,Sump,Set1,1,sump,8.41,98.7,18.7,4.44,7.44507454,386.6,449.40593,0.10319379
11/10/18,9:36,MR-1-05-L,Low,Merroir,Set1,5,30,9.28,97.2,16.4,4.5,,,,
11/9/18,19:57,Low Sump,Low,Sump,Set1,1,sump,8.41,98.7,18.7,4.44,7.44507454,386.6,449.40593,0.10319379
11/10/18,8:22,PR-1-07-L,Low,Piankatank,Set1,7,6,9:45,98.5,16.4,4.51,,,,
11/9/18,19:57,Low Sump,Low,Sump,Set1,1,sump,8.41,98.7,18.7,4.44,7.44507454,386.6,449.40593,0.10319379
11/10/18,8:34,PR-1-04-L,Low,Piankatank,Set1,4,14,9.36,98,16.3,4.51,,,,
11/9/18,19:57,Low Sump,Low,Sump,Set1,1,sump,8.41,98.7,18.7,4.44,7.44507454,386.6,449.40593,0.10319379
11/10/18,9:37,UC-1-01-L,Low,Urbanna Creek,Set1,1,31,9.4,98.1,16.3,4.51,7.48421739,,457.726322,0.11560961
11/9/18,19:57,Low Sump,Low,Sump,Set1,1,sump,8.41,98.7,18.7,4.44,7.44507454,386.6,449.40593,0.10319379
11/10/18,9:38,MR-1-02-L,Low,Merroir,Set1,2,32,9.4,98.2,16.3,4.51,,,,
11/9/18,19:57,Low Sump,Low,Sump,Set1,1,sump,8.41,98.7,18.7,4.44,7.44507454,386.6,449.40593,0.10319379
11/10/18,9:40,PR-1-06-L,Low,Piankatank,Set1,6,33,9.37,97.8,16.3,4.51,,,,
11/9/18,19:57,Low Sump,Low,Sump,Set1,1,sump,8.41,98.7,18.7,4.44,7.44507454,386.6,449.40593,0.10319379
11/10/18,9:42,UC-1-04-L,Low,Urbanna Creek,Set1,4,35,9.44,98.3,16.2,4.51,,,,
11/9/18,19:57,Low Sump,Low,Sump,Set1,1,sump,8.41,98.7,18.7,4.44,7.44507454,386.6,449.40593,0.10319379
11/10/18,9:46,MR-1-07-L,Low,Merroir,Set1,7,38,9.2,95.8,16.3,4.51,7.4388077,,509.312583,0.10436457
11/9/18,19:57,Low Sump,Low,Sump,Set1,1,sump,8.41,98.7,18.7,4.44,7.44507454,386.6,449.40593,0.10319379
11/10/18,9:50,VP-1-06-L,Low,VIMS Pier,Set1,6,41,9.18,95.7,16.2,4.51,,,,
11/9/18,19:57,Low Sump,Low,Sump,Set1,1,sump,8.41,98.7,18.7,4.44,7.44507454,386.6,449.40593,0.10319379
11/10/18,9:51,VP-1-05-L,Low,VIMS Pier,Set1,5,42,8.97,93.5,16.2,4.51,,,,
11/9/18,19:57,Low Sump,Low,Sump,Set1,1,sump,8.41,98.7,18.7,4.44,7.44507454,386.6,449.40593,0.10319379
11/10/18,10:19,UC-1-07-L,Low,Urbanna Creek,Set1,7,47,9.38,97.8,16.3,4.51,,,,
11/9/18,19:57,Low Sump,Low,Sump,Set1,1,sump,8.41,98.7,18.7,4.44,7.44507454,386.6,449.40593,0.10319379
11/10/18,10:22,VP-1-07-L,Low,VIMS Pier,Set1,7,50,9.41,98.1,16.2,4.51,,,,
11/9/18,19:57,Low Sump,Low,Sump,Set1,1,sump,8.41,98.7,18.7,4.44,7.44507454,386.6,449.40593,0.10319379
11/10/18,8:19,MR-1-01-L,Low,Merroir,Set1,1,4,9.3,97.7,16.4,4.52,,,,
11/9/18,19:57,Low Sump,Low,Sump,Set1,1,sump,8.41,98.7,18.7,4.44,7.44507454,386.6,449.40593,0.10319379
11/10/18,8:23,MR-1-06-L,Low,Merroir,Set1,6,7,5.64,59,16.4,4.52,,,,
11/9/18,19:57,Low Sump,Low,Sump,Set1,1,sump,8.41,98.7,18.7,4.44,7.44507454,386.6,449.40593,0.10319379
11/10/18,8:51,PR-1-01-L,Low,Piankatank,Set1,1,15,11.09,127.3,16.4,4.52,7.45300373,,492.844922,0.10828798
11/9/18,19:57,Low Sump,Low,Sump,Set1,1,sump,8.41,98.7,18.7,4.44,7.44507454,386.6,449.40593,0.10319379
11/10/18,8:59,UC-1-06-L,Low,Urbanna Creek,Set1,6,16,9.16,96.1,16.3,4.52,,,,
11/9/18,19:57,Low Sump,Low,Sump,Set1,1,sump,8.41,98.7,18.7,4.44,7.44507454,386.6,449.40593,0.10319379
11/10/18,9:12,MR-1-04-L,Low,Merroir,Set1,4,25,9.1,94.9,16.2,4.52,,,,
11/9/18,19:57,Low Sump,Low,Sump,Set1,1,sump,8.41,98.7,18.7,4.44,7.44507454,386.6,449.40593,0.10319379
11/10/18,9:34,UC-1-02-L,Low,Urbanna Creek,Set1,2,29,10.07,108,16.4,4.52,,,,
11/9/18,19:57,Low Sump,Low,Sump,Set1,1,sump,8.41,98.7,18.7,4.44,7.44507454,386.6,449.40593,0.10319379
11/10/18,9:43,VP-1-02-L,Low,VIMS Pier,Set1,2,36,9.24,96.3,16.2,4.52,,,,
11/9/18,19:57,Low Sump,Low,Sump,Set1,1,sump,8.41,98.7,18.7,4.44,7.44507454,386.6,449.40593,0.10319379
11/10/18,10:21,VP-1-04-L,Low,VIMS Pier,Set1,4,49,9.33,97.2,16.2,4.52,,,,
11/9/18,19:57,Low Sump,Low,Sump,Set1,1,sump,8.41,98.7,18.7,4.44,7.44507454,386.6,449.40593,0.10319379
11/10/18,8:30,PR-1-02-L,Low,Piankatank,Set1,2,10,9.39,98.3,16.4,4.53,,,,
11/9/18,19:57,Low Sump,Low,Sump,Set1,1,sump,8.41,98.7,18.7,4.44,7.44507454,386.6,449.40593,0.10319379
11/10/18,10:28,PR-1-05-L,Low,Piankatank,Set1,5,55,9.3,97.1,16.2,4.53,,,,
11/9/18,19:57,Low Sump,Low,Sump,Set1,1,sump,8.41,98.7,18.7,4.44,7.44507454,386.6,449.40593,0.10319379
11/10/18,9:07,VP-1-03-L,Low,VIMS Pier,Set1,3,21,9.05,94.5,16.2,4.54,7.42714631,,745.516432,0.14453246
11/9/18,19:57,Low Sump,Low,Sump,Set1,1,sump,8.41,98.7,18.7,4.44,7.44507454,386.6,449.40593,0.10319379
11/10/18,8:17,MR-1-03-L,Low,Merroir,Set1,3,2,9.18,96.3,16.4,4.55,,,,
11/9/18,19:57,Low Sump,Low,Sump,Set1,1,sump,8.41,98.7,18.7,4.44,7.44507454,386.6,449.40593,0.10319379
11/10/18,9:04,UC-1-05-L,Low,Urbanna Creek,Set1,5,19,9.07,94.8,16.3,4.56,,,,
11/9/18,19:57,Low Sump,Low,Sump,Set1,1,sump,8.41,98.7,18.7,4.44,7.44507454,386.6,449.40593,0.10319379
11/10/18,8:16,VP-1-01-L,Low,VIMS Pier,Set1,1,1,10.46,123.2,16.4,4.57,,,,
11/9/18,19:57,Low Sump,Low,Sump,Set1,1,sump,8.41,98.7,18.7,4.44,7.44507454,386.6,449.40593,0.10319379
11/10/18,20:02,VP-1-01-L,Low,VIMS Pier,Set1,1,1,10.05,113.6,16.2,4.66,,,,
11/10/18,7:35,Low Sump,Low,Sump,Set1,1,Sump,9.85,112.9,18.3,4.68,7.50329678,414.91,417.37604,0.12542026
11/10/18,20:45,UC-1-05-L,Low,Urbanna Creek,Set1,5,19,9.23,95.3,16.1,4.69,,,,
11/10/18,7:35,Low Sump,Low,Sump,Set1,1,Sump,9.85,112.9,18.3,4.68,7.50329678,414.91,417.37604,0.12542026
11/10/18,21:22,MR-1-02-L,Low,Merroir,Set1,2,32,10.22,111.1,16,4.69,,,,
11/10/18,7:35,Low Sump,Low,Sump,Set1,1,Sump,9.85,112.9,18.3,4.68,7.50329678,414.91,417.37604,0.12542026
11/10/18,21:23,PR-1-06-L,Low,Piankatank,Set1,6,33,9.54,98.2,16,4.69,,,,
11/10/18,7:35,Low Sump,Low,Sump,Set1,1,Sump,9.85,112.9,18.3,4.68,7.50329678,414.91,417.37604,0.12542026
11/10/18,22:09,PR-1-05-L,Low,Piankatank,Set1,5,55,9.11,97.5,16,4.69,7.39925595,,494.780159,0.11501573
11/10/18,7:35,Low Sump,Low,Sump,Set1,1,Sump,9.85,112.9,18.3,4.68,7.50329678,414.91,417.37604,0.12542026
11/10/18,20:04,MR-1-03-L,Low,Merroir,Set1,3,2,6.27,64.8,16.1,4.7,7.15468483,,984.311544,0.05479024
11/10/18,7:35,Low Sump,Low,Sump,Set1,1,Sump,9.85,112.9,18.3,4.68,7.50329678,414.91,417.37604,0.12542026
11/10/18,20:10,MR-1-01-L,Low,Merroir,Set1,1,4,9.36,96.4,16,4.7,,,,
11/10/18,7:35,Low Sump,Low,Sump,Set1,1,Sump,9.85,112.9,18.3,4.68,7.50329678,414.91,417.37604,0.12542026
11/10/18,20:12,PR-1-07-L,Low,Piankatank,Set1,7,6,9.34,96.4,16.1,4.7,,,,
11/10/18,7:35,Low Sump,Low,Sump,Set1,1,Sump,9.85,112.9,18.3,4.68,7.50329678,414.91,417.37604,0.12542026
11/10/18,20:13,MR-1-06-L,Low,Merroir,Set1,6,7,9.44,97.4,16.1,4.7,,,,
11/10/18,7:35,Low Sump,Low,Sump,Set1,1,Sump,9.85,112.9,18.3,4.68,7.50329678,414.91,417.37604,0.12542026
11/10/18,20:42,PR-1-03-L,Low,Piankatank,Set1,3,17,9.51,98.2,16.1,4.7,,,,
11/10/18,7:35,Low Sump,Low,Sump,Set1,1,Sump,9.85,112.9,18.3,4.68,7.50329678,414.91,417.37604,0.12542026
11/10/18,20:53,MR-1-04-L,Low,Merroir,Set1,4,25,9.22,94.8,16,4.7,,,,
11/10/18,7:35,Low Sump,Low,Sump,Set1,1,Sump,9.85,112.9,18.3,4.68,7.50329678,414.91,417.37604,0.12542026
11/10/18,21:00,UC-1-03-L,Low,Urbanna Creek,Set1,3,27,10.15,111.5,15.9,4.7,,,,
11/10/18,7:35,Low Sump,Low,Sump,Set1,1,Sump,9.85,112.9,18.3,4.68,7.50329678,414.91,417.37604,0.12542026
11/10/18,21:18,UC-1-01-L,Low,Urbanna Creek,Set1,1,31,9.49,98.1,16.1,4.7,7.49407366,,444.883803,0.11819411
11/10/18,7:35,Low Sump,Low,Sump,Set1,1,Sump,9.85,112.9,18.3,4.68,7.50329678,414.91,417.37604,0.12542026
11/10/18,21:26,UC-1-04-L,Low,Urbanna Creek,Set1,4,35,9.56,98.2,15.9,4.7,,,,
11/10/18,7:35,Low Sump,Low,Sump,Set1,1,Sump,9.85,112.9,18.3,4.68,7.50329678,414.91,417.37604,0.12542026
11/10/18,21:28,VP-1-02-L,Low,VIMS Pier,Set1,2,36,9.29,36.4,16,4.7,,,,
11/10/18,7:35,Low Sump,Low,Sump,Set1,1,Sump,9.85,112.9,18.3,4.68,7.50329678,414.91,417.37604,0.12542026
11/10/18,21:30,MR-1-07-L,Low,Merroir,Set1,7,38,9.43,97.1,16,4.7,,,,
11/10/18,7:35,Low Sump,Low,Sump,Set1,1,Sump,9.85,112.9,18.3,4.68,7.50329678,414.91,417.37604,0.12542026
11/10/18,21:34,VP-1-06-L,Low,VIMS Pier,Set1,6,41,9.44,97.1,15.9,4.7,7.51528709,,422.60604,0.1228823
11/10/18,7:35,Low Sump,Low,Sump,Set1,1,Sump,9.85,112.9,18.3,4.68,7.50329678,414.91,417.37604,0.12542026
11/10/18,21:37,VP-1-05-L,Low,VIMS Pier,Set1,5,42,9.42,96.7,15.9,4.7,,,,
11/10/18,7:35,Low Sump,Low,Sump,Set1,1,Sump,9.85,112.9,18.3,4.68,7.50329678,414.91,417.37604,0.12542026
11/10/18,22:00,UC-1-07-L,Low,Urbanna Creek,Set1,7,47,9.41,97,16,4.7,,,,
11/10/18,7:35,Low Sump,Low,Sump,Set1,1,Sump,9.85,112.9,18.3,4.68,7.50329678,414.91,417.37604,0.12542026
11/10/18,22:01,VP-1-04-L,Low,VIMS Pier,Set1,4,49,9.45,97.5,15.9,4.7,,,,
11/10/18,7:35,Low Sump,Low,Sump,Set1,1,Sump,9.85,112.9,18.3,4.68,7.50329678,414.91,417.37604,0.12542026
11/10/18,20:25,PR-1-04-L,Low,Piankatank,Set1,4,14,9.44,97.4,15.9,4.71,,,,
11/10/18,7:35,Low Sump,Low,Sump,Set1,1,Sump,9.85,112.9,18.3,4.68,7.50329678,414.91,417.37604,0.12542026
11/10/18,20:39,PR-1-01-L,Low,Piankatank,Set1,1,15,10.76,125.5,16.1,4.71,,,,
11/10/18,7:35,Low Sump,Low,Sump,Set1,1,Sump,9.85,112.9,18.3,4.68,7.50329678,414.91,417.37604,0.12542026
11/10/18,21:15,UC-1-02-L,Low,Urbanna Creek,Set1,2,29,9.58,99,16.1,4.71,,,,
11/10/18,7:35,Low Sump,Low,Sump,Set1,1,Sump,9.85,112.9,18.3,4.68,7.50329678,414.91,417.37604,0.12542026
11/10/18,21:16,MR-1-05-L,Low,Merroir,Set1,5,30,9.46,97.6,16.1,4.71,,,,
11/10/18,7:35,Low Sump,Low,Sump,Set1,1,Sump,9.85,112.9,18.3,4.68,7.50329678,414.91,417.37604,0.12542026
11/10/18,22:02,VP-1-07-L,Low,VIMS Pier,Set1,7,50,9.45,97,16,4.71,,,,
11/10/18,7:35,Low Sump,Low,Sump,Set1,1,Sump,9.85,112.9,18.3,4.68,7.50329678,414.91,417.37604,0.12542026
11/10/18,20:17,PR-1-02-L,Low,Piankatank,Set1,2,10,9.53,98.4,16,4.72,,,,
11/10/18,7:35,Low Sump,Low,Sump,Set1,1,Sump,9.85,112.9,18.3,4.68,7.50329678,414.91,417.37604,0.12542026
11/10/18,20:41,UC-1-06-L,Low,Urbanna Creek,Set1,6,16,9.39,97.1,16.1,4.72,,,,
11/10/18,7:35,Low Sump,Low,Sump,Set1,1,Sump,9.85,112.9,18.3,4.68,7.50329678,414.91,417.37604,0.12542026
11/10/18,20:48,VP-1-03-L,Low,VIMS Pier,Set1,3,21,9.23,95.3,16,4.73,,,,
11/10/18,7:35,Low Sump,Low,Sump,Set1,1,Sump,9.85,112.9,18.3,4.68,7.50329678,414.91,417.37604,0.12542026
11/11/18,8:22,MR-1-03-L,Low,Merroir,Set1,3,2,9.64,97.3,15.4,5.23,,,,
11/10/18,19:30,Low Sump,Low,Sump,Set1,1,Sump,9.25,105.8,18.2,5.22,7.54340813,469.215,424.546437,0.15906631
11/11/18,8:35,MR-1-06-L,Low,Merroir,Set1,6,7,8.96,91.3,15.5,5.24,,,,
11/10/18,19:30,Low Sump,Low,Sump,Set1,1,Sump,9.25,105.8,18.2,5.22,7.54340813,469.215,424.546437,0.15906631
11/11/18,8:49,PR-1-04-L,Low,Piankatank,Set1,4,14,9.74,98.8,15.4,5.24,,,,
11/10/18,19:30,Low Sump,Low,Sump,Set1,1,Sump,9.25,105.8,18.2,5.22,7.54340813,469.215,424.546437,0.15906631
11/11/18,8:53,UC-1-06-L,Low,Urbanna Creek,Set1,6,16,9.71,98.5,15.4,5.24,,,,
11/10/18,19:30,Low Sump,Low,Sump,Set1,1,Sump,9.25,105.8,18.2,5.22,7.54340813,469.215,424.546437,0.15906631
11/11/18,8:54,PR-1-03-L,Low,Piankatank,Set1,3,17,9.74,98.9,15.4,5.24,,,,
11/10/18,19:30,Low Sump,Low,Sump,Set1,1,Sump,9.25,105.8,18.2,5.22,7.54340813,469.215,424.546437,0.15906631
11/11/18,8:59,UC-1-05-L,Low,Urbanna Creek,Set1,5,19,9.53,96.5,15.4,5.24,,,,
11/10/18,19:30,Low Sump,Low,Sump,Set1,1,Sump,9.25,105.8,18.2,5.22,7.54340813,469.215,424.546437,0.15906631
11/11/18,9:02,VP-1-03-L,Low,VIMS Pier,Set1,3,21,9.65,99.9,15.4,5.24,,,,
11/10/18,19:30,Low Sump,Low,Sump,Set1,1,Sump,9.25,105.8,18.2,5.22,7.54340813,469.215,424.546437,0.15906631
11/11/18,9:15,MR-1-04-L,Low,Merroir,Set1,4,25,9.44,95.7,15.3,5.24,,,,
11/10/18,19:30,Low Sump,Low,Sump,Set1,1,Sump,9.25,105.8,18.2,5.22,7.54340813,469.215,424.546437,0.15906631
11/11/18,9:34,MR-1-05-L,Low,Merroir,Set1,5,30,9.65,97.7,15.3,5.24,,,,
11/10/18,19:30,Low Sump,Low,Sump,Set1,1,Sump,9.25,105.8,18.2,5.22,7.54340813,469.215,424.546437,0.15906631
11/11/18,9:41,MR-1-02-L,Low,Merroir,Set1,2,32,9.65,97.7,15.3,5.24,,,,
11/10/18,19:30,Low Sump,Low,Sump,Set1,1,Sump,9.25,105.8,18.2,5.22,7.54340813,469.215,424.546437,0.15906631
11/11/18,9:43,PR-1-06-L,Low,Piankatank,Set1,6,33,9.66,97.9,15.3,5.24,7.3774873,,575.572952,0.08975461
11/10/18,19:30,Low Sump,Low,Sump,Set1,1,Sump,9.25,105.8,18.2,5.22,7.54340813,469.215,424.546437,0.15906631
11/11/18,10:25,VP-1-05-L,Low,VIMS Pier,Set1,5,42,9.7,98.1,15.2,5.24,,,,
11/10/18,19:30,Low Sump,Low,Sump,Set1,1,Sump,9.25,105.8,18.2,5.22,7.54340813,469.215,424.546437,0.15906631
11/11/18,10:43,UC-1-07-L,Low,Urbanna Creek,Set1,7,47,9.07,96.7,15.1,5.24,7.48449416,,447.007861,0.1332629
11/10/18,19:30,Low Sump,Low,Sump,Set1,1,Sump,9.25,105.8,18.2,5.22,7.54340813,469.215,424.546437,0.15906631
11/11/18,8:20,VP-1-01-L,Low,VIMS Pier,Set1,1,1,9.86,100.4,15.5,5.25,,,,
11/10/18,19:30,Low Sump,Low,Sump,Set1,1,Sump,9.25,105.8,18.2,5.22,7.54340813,469.215,424.546437,0.15906631
11/11/18,8:28,MR-1-01-L,Low,Merroir,Set1,1,4,9.68,98.4,15.4,5.25,,,,
11/10/18,19:30,Low Sump,Low,Sump,Set1,1,Sump,9.25,105.8,18.2,5.22,7.54340813,469.215,424.546437,0.15906631
11/11/18,8:33,PR-1-07-L,Low,Piankatank,Set1,7,6,9.71,98.7,15.4,5.25,,,,
11/10/18,19:30,Low Sump,Low,Sump,Set1,1,Sump,9.25,105.8,18.2,5.22,7.54340813,469.215,424.546437,0.15906631
11/11/18,8:41,PR-1-02-L,Low,Piankatank,Set1,2,10,9.8,99.6,15.4,5.25,,,,
11/10/18,19:30,Low Sump,Low,Sump,Set1,1,Sump,9.25,105.8,18.2,5.22,7.54340813,469.215,424.546437,0.15906631
11/11/18,8:51,PR-1-01-L,Low,Piankatank,Set1,1,15,9.84,99.8,15.4,5.25,,,,
11/10/18,19:30,Low Sump,Low,Sump,Set1,1,Sump,9.25,105.8,18.2,5.22,7.54340813,469.215,424.546437,0.15906631
11/11/18,9:25,UC-1-03-L,Low,Urbanna Creek,Set1,3,27,9.63,97.7,15.3,5.25,,,,
11/10/18,19:30,Low Sump,Low,Sump,Set1,1,Sump,9.25,105.8,18.2,5.22,7.54340813,469.215,424.546437,0.15906631
11/11/18,9:51,UC-1-04-L,Low,Urbanna Creek,Set1,4,35,9.75,98.5,15.2,5.25,,,,
11/10/18,19:30,Low Sump,Low,Sump,Set1,1,Sump,9.25,105.8,18.2,5.22,7.54340813,469.215,424.546437,0.15906631
11/11/18,9:55,VP-1-02-L,Low,VIMS Pier,Set1,2,36,9.62,97.3,15.2,5.25,,,,
11/10/18,19:30,Low Sump,Low,Sump,Set1,1,Sump,9.25,105.8,18.2,5.22,7.54340813,469.215,424.546437,0.15906631
11/11/18,10:03,MR-1-07-L,Low,Merroir,Set1,7,38,9.47,96,15.2,5.25,7.43880777,,509.312583,0.1043645
11/10/18,19:30,Low Sump,Low,Sump,Set1,1,Sump,9.25,105.8,18.2,5.22,7.54340813,469.215,424.546437,0.15906631
11/11/18,9:31,UC-1-02-L,Low,Urbanna Creek,Set1,2,29,9.74,98.7,15.3,5.26,,,,
11/10/18,19:30,Low Sump,Low,Sump,Set1,1,Sump,9.25,105.8,18.2,5.22,7.54340813,469.215,424.546437,0.15906631
11/11/18,9:38,UC-1-01-L,Low,Urbanna Creek,Set1,1,31,9.68,97.9,15.2,5.26,,,,
11/10/18,19:30,Low Sump,Low,Sump,Set1,1,Sump,9.25,105.8,18.2,5.22,7.54340813,469.215,424.546437,0.15906631
11/11/18,10:18,VP-1-06-L,Low,VIMS Pier,Set1,6,41,9.61,97.1,15.1,5.26,7.45622841,,477.562011,0.1063629
11/10/18,19:30,Low Sump,Low,Sump,Set1,1,Sump,9.25,105.8,18.2,5.22,7.54340813,469.215,424.546437,0.15906631
11/11/18,10:50,VP-1-04-L,Low,VIMS Pier,Set1,4,49,9.76,98.5,15.1,5.26,,,,
11/10/18,19:30,Low Sump,Low,Sump,Set1,1,Sump,9.25,105.8,18.2,5.22,7.54340813,469.215,424.546437,0.15906631
11/11/18,11:13,PR-1-05-L,Low,Piankatank,Set1,5,55,9.77,98.6,15.1,5.26,,,,
11/10/18,19:30,Low Sump,Low,Sump,Set1,1,Sump,9.25,105.8,18.2,5.22,7.54340813,469.215,424.546437,0.15906631
11/11/18,10:53,VP-1-07-L,Low,VIMS Pier,Set1,7,50,9.76,98.6,15.1,5.27,,,,
11/10/18,19:30,Low Sump,Low,Sump,Set1,1,Sump,9.25,105.8,18.2,5.22,7.54340813,469.215,424.546437,0.15906631
11/9/18,22:07,MR-1-02-A,MR_A,Merroir,Set1,2,40,8.61,95,16.8,11,,,,
11/9/18,8:23,MR-Sump,MR_A,Sump,Set1,1,Sump,8.81,98.5,17.9,11,7.71552797,1053.205,567.885078,0.6070332
11/9/18,22:03,MR-1-06-A,MR_A,Merroir,Set1,6,37,8.36,92,16.8,11.01,,,,
11/9/18,8:23,MR-Sump,MR_A,Sump,Set1,1,Sump,8.81,98.5,17.9,11,7.71552797,1053.205,567.885078,0.6070332
11/9/18,22:43,MR-1-05-A,MR_A,Merroir,Set1,5,54,8.85,97.8,16.8,11.01,,,,
11/9/18,8:23,MR-Sump,MR_A,Sump,Set1,1,Sump,8.81,98.5,17.9,11,7.71552797,1053.205,567.885078,0.6070332
11/9/18,21:30,MR-1-07-A,MR_A,Merroir,Set1,7,26,8.83,98.1,16.9,11.02,,,,
11/9/18,8:23,MR-Sump,MR_A,Sump,Set1,1,Sump,8.81,98.5,17.9,11,7.71552797,1053.205,567.885078,0.6070332
11/9/18,22:45,MR-1-03-A,MR_A,Merroir,Set1,3,56,8.83,97.3,16.8,11.02,,,,
11/9/18,8:23,MR-Sump,MR_A,Sump,Set1,1,Sump,8.81,98.5,17.9,11,7.71552797,1053.205,567.885078,0.6070332
11/9/18,20:34,MR-1-04-A,MR_A,Merroir,Set1,4,9,8.8,97.5,16.9,11.05,7.51478439,775.78,670.357106,0.27492992
11/9/18,8:23,MR-Sump,MR_A,Sump,Set1,1,Sump,8.81,98.5,17.9,11,7.71552797,1053.205,567.885078,0.6070332
11/9/18,22:42,MR-1-01-A,MR_A,Merroir,Set1,1,53,8.7,95.8,16.8,11.05,,,,
11/9/18,8:23,MR-Sump,MR_A,Sump,Set1,1,Sump,8.81,98.5,17.9,11,7.71552797,1053.205,567.885078,0.6070332
11/10/18,9:13,MR-1-07-A,MR_A,Merroir,Set1,7,26,8.95,97.4,16.3,10.95,,,,
11/9/18,20:01,MR-Sump,MR_A,Sump,Set1,1,Sump,8.87,103.3,18.5,10.94,7.71107112,1037.581,567.935047,0.60610862
11/10/18,9:44,MR-1-06-A,MR_A,Merroir,Set1,6,37,8.56,92.8,16.3,10.95,,,,
11/9/18,20:01,MR-Sump,MR_A,Sump,Set1,1,Sump,8.87,103.3,18.5,10.94,7.71107112,1037.581,567.935047,0.60610862
11/10/18,10:26,MR-1-05-A,MR_A,Merroir,Set1,5,54,9.09,98.5,16.2,10.96,,,,
11/9/18,20:01,MR-Sump,MR_A,Sump,Set1,1,Sump,8.87,103.3,18.5,10.94,7.71107112,1037.581,567.935047,0.60610862
11/10/18,10:29,MR-1-03-A,MR_A,Merroir,Set1,3,56,9.06,98,16.2,10.96,,,,
11/9/18,20:01,MR-Sump,MR_A,Sump,Set1,1,Sump,8.87,103.3,18.5,10.94,7.71107112,1037.581,567.935047,0.60610862
11/10/18,8:29,MR-1-04-A,MR_A,Merroir,Set1,4,9,9.72,115.1,16.4,10.97,,,,
11/9/18,20:01,MR-Sump,MR_A,Sump,Set1,1,Sump,8.87,103.3,18.5,10.94,7.71107112,1037.581,567.935047,0.60610862
11/10/18,9:49,MR-1-02-A,MR_A,Merroir,Set1,2,40,8.67,93.8,16.2,10.97,7.47305594,,999.127129,0.32872154
11/9/18,20:01,MR-Sump,MR_A,Sump,Set1,1,Sump,8.87,103.3,18.5,10.94,7.71107112,1037.581,567.935047,0.60610862
11/10/18,10:25,MR-1-01-A,MR_A,Merroir,Set1,1,53,8.96,97.2,16.2,10.97,,,,
11/9/18,20:01,MR-Sump,MR_A,Sump,Set1,1,Sump,8.87,103.3,18.5,10.94,7.71107112,1037.581,567.935047,0.60610862
11/10/18,20:55,MR-1-07-A,MR_A,Merroir,Set1,7,26,9.07,97.1,16,10.95,7.45141741,,1050.52266,0.31037687
11/10/18,7:57,MR-Sump,MR_A,Sump,Set1,1,Sump,10.04,120.8,17.3,10.92,7.71426057,1048.63,566.021415,0.58683435
11/10/18,21:29,MR-1-06-A,MR_A,Merroir,Set1,6,37,9.09,97.2,16,10.95,,,,
11/10/18,7:57,MR-Sump,MR_A,Sump,Set1,1,Sump,10.04,120.8,17.3,10.92,7.71426057,1048.63,566.021415,0.58683435
11/10/18,21:32,MR-1-02-A,MR_A,Merroir,Set1,2,40,9.01,96.7,15.9,10.95,,,,
11/10/18,7:57,MR-Sump,MR_A,Sump,Set1,1,Sump,10.04,120.8,17.3,10.92,7.71426057,1048.63,566.021415,0.58683435
11/10/18,22:07,MR-1-05-A,MR_A,Merroir,Set1,5,54,9.17,97.9,15.9,10.95,,,,
11/10/18,7:57,MR-Sump,MR_A,Sump,Set1,1,Sump,10.04,120.8,17.3,10.92,7.71426057,1048.63,566.021415,0.58683435
11/10/18,22:08,MR-1-03-A,MR_A,Merroir,Set1,3,56,9.57,98.3,15.9,10.96,,,,
11/10/18,7:57,MR-Sump,MR_A,Sump,Set1,1,Sump,10.04,120.8,17.3,10.92,7.71426057,1048.63,566.021415,0.58683435
11/10/18,20:15,MR-1-04-A,MR_A,Merroir,Set1,4,9,9.04,97,16.1,10.96,,,,
11/10/18,7:57,MR-Sump,MR_A,Sump,Set1,1,Sump,10.04,120.8,17.3,10.92,7.71426057,1048.63,566.021415,0.58683435
11/10/18,22:05,MR-1-01-A,MR_A,Merroir,Set1,1,53,9.15,97.5,15.9,10.96,,,,
11/10/18,7:57,MR-Sump,MR_A,Sump,Set1,1,Sump,10.04,120.8,17.3,10.92,7.71426057,1048.63,566.021415,0.58683435
11/11/18,11:10,MR-1-05-A,MR_A,Merroir,Set1,5,54,9.42,98.6,15.1,10.95,,,,
11/10/18,19:37,MR-Sump,MR_A,Sump,Set1,1,Sump,9.35,102.1,16.9,10.96,7.7267845,1055.4535,551.126801,0.59776469
11/11/18,9:18,MR-1-07-A,MR_A,Merroir,Set1,7,26,9.25,97.3,15.3,10.96,7.47703961,,984.089166,0.31928465
11/10/18,19:37,MR-Sump,MR_A,Sump,Set1,1,Sump,9.35,102.1,16.9,10.96,7.7267845,1055.4535,551.126801,0.59776469
11/11/18,10:00,MR-1-06-A,MR_A,Merroir,Set1,6,37,8.4,88.3,15.3,10.96,,,,
11/10/18,19:37,MR-Sump,MR_A,Sump,Set1,1,Sump,9.35,102.1,16.9,10.96,7.7267845,1055.4535,551.126801,0.59776469
11/11/18,10:14,MR-1-02-A,MR_A,Merroir,Set1,2,40,9.4,98.8,15.2,10.96,,,,
11/10/18,19:37,MR-Sump,MR_A,Sump,Set1,1,Sump,9.35,102.1,16.9,10.96,7.7267845,1055.4535,551.126801,0.59776469
11/11/18,11:07,MR-1-01-A,MR_A,Merroir,Set1,1,53,9.38,98.2,15.1,10.97,,,,
11/10/18,19:37,MR-Sump,MR_A,Sump,Set1,1,Sump,9.35,102.1,16.9,10.96,7.7267845,1055.4535,551.126801,0.59776469
11/11/18,11:16,MR-1-03-A,MR_A,Merroir,Set1,3,56,9.42,98.5,15.1,10.97,,,,
11/10/18,19:37,MR-Sump,MR_A,Sump,Set1,1,Sump,9.35,102.1,16.9,10.96,7.7267845,1055.4535,551.126801,0.59776469
11/11/18,8:39,MR-1-04-A,MR_A,Merroir,Set1,4,9,9.41,98.9,15.4,10.98,,,,
11/10/18,19:37,MR-Sump,MR_A,Sump,Set1,1,Sump,9.35,102.1,16.9,10.96,7.7267845,1055.4535,551.126801,0.59776469
11/9/18,22:31,PR-1-05-A,PR_UC_A,Piankatank,Set1,5,45,9.07,98.8,16.8,9.05,,,,
11/9/18,8:13,"PR, UC-A",PR_UC_A,Sump,Set1,1,Sump,9.02,99.4,17.8,9.08,7.64944333,861.355,562.474062,0.4070435
11/9/18,21:33,PR-1-06-A,PR_UC_A,Piankatank,Set1,6,28,8.69,95.5,16.9,9.07,,,,
11/9/18,8:13,"PR, UC-A",PR_UC_A,Sump,Set1,1,Sump,9.02,99.4,17.8,9.08,7.64944333,861.355,562.474062,0.4070435
11/9/18,22:06,PR-1-07-A,PR_UC_A,Piankatank,Set1,7,39,8.92,97.2,16.8,9.07,,,,
11/9/18,8:13,"PR, UC-A",PR_UC_A,Sump,Set1,1,Sump,9.02,99.4,17.8,9.08,7.64944333,861.355,562.474062,0.4070435
11/9/18,21:21,UC-1-02-A,PR_UC_A,Urbanna Creek,Set1,2,20,8.91,97.3,16.9,9.08,,,,
11/9/18,8:13,"PR, UC-A",PR_UC_A,Sump,Set1,1,Sump,9.02,99.4,17.8,9.08,7.64944333,861.355,562.474062,0.4070435
11/9/18,21:17,PR-1-01-A,PR_UC_A,Piankatank,Set1,1,18,8.87,96.5,16.9,9.09,,,,
11/9/18,8:13,"PR, UC-A",PR_UC_A,Sump,Set1,1,Sump,9.02,99.4,17.8,9.08,7.64944333,861.355,562.474062,0.4070435
11/9/18,21:25,PR-1-02-A,PR_UC_A,Piankatank,Set1,2,23,8.62,94.2,16.8,9.09,,,,
11/9/18,8:13,"PR, UC-A",PR_UC_A,Sump,Set1,1,Sump,9.02,99.4,17.8,9.08,7.64944333,861.355,562.474062,0.4070435
11/9/18,21:27,PR-1-03-A,PR_UC_A,Piankatank,Set1,3,24,8.84,96.4,16.8,9.09,,,,
11/9/18,8:13,"PR, UC-A",PR_UC_A,Sump,Set1,1,Sump,9.02,99.4,17.8,9.08,7.64944333,861.355,562.474062,0.4070435
11/9/18,22:00,PR-1-04-A,PR_UC_A,Piankatank,Set1,4,34,9.13,99.7,16.8,9.09,7.5090108,820.715,743.69773,0.27203196
11/9/18,8:13,"PR, UC-A",PR_UC_A,Sump,Set1,1,Sump,9.02,99.4,17.8,9.08,7.64944333,861.355,562.474062,0.4070435
11/9/18,22:32,UC-1-04-A,PR_UC_A,Urbanna Creek,Set1,4,46,9.18,100.1,16.8,9.09,,,,
11/9/18,8:13,"PR, UC-A",PR_UC_A,Sump,Set1,1,Sump,9.02,99.4,17.8,9.08,7.64944333,861.355,562.474062,0.4070435
11/9/18,20:45,UC-1-01-A,PR_UC_A,Urbanna Creek,Set1,1,12,8.64,94.6,16.9,9.1,,,,
11/9/18,8:13,"PR, UC-A",PR_UC_A,Sump,Set1,1,Sump,9.02,99.4,17.8,9.08,7.64944333,861.355,562.474062,0.4070435
11/9/18,20:54,UC-1-06-A,PR_UC_A,Urbanna Creek,Set1,6,13,8.83,94.8,17,9.1,7.19668199,196.7,1614.18237,0.14119973
11/9/18,8:13,"PR, UC-A",PR_UC_A,Sump,Set1,1,Sump,9.02,99.4,17.8,9.08,7.64944333,861.355,562.474062,0.4070435
11/9/18,22:30,UC-1-03-A,PR_UC_A,Urbanna Creek,Set1,3,44,8.76,95.6,16.7,9.1,,,,
11/9/18,8:13,"PR, UC-A",PR_UC_A,Sump,Set1,1,Sump,9.02,99.4,17.8,9.08,7.64944333,861.355,562.474062,0.4070435
11/9/18,20:43,UC-1-07-A,PR_UC_A,Urbanna Creek,Set1,7,11,8.62,94.3,16.9,9.11,,,,
11/9/18,8:13,"PR, UC-A",PR_UC_A,Sump,Set1,1,Sump,9.02,99.4,17.8,9.08,7.64944333,861.355,562.474062,0.4070435
11/9/18,20:17,UC-1-05-A,PR_UC_A,Urbanna Creek,Set1,5,5,8.31,90.8,16.9,9.14,,,,
11/9/18,8:13,"PR, UC-A",PR_UC_A,Sump,Set1,1,Sump,9.02,99.4,17.8,9.08,7.64944333,861.355,562.474062,0.4070435
11/10/18,9:02,PR-1-01-A,PR_UC_A,Piankatank,Set1,1,18,8.95,96.2,16.4,8.93,,,,
11/9/18,20:01,"PR, UC-A",PR_UC_A,Sump,Set1,1,Sump,8.85,102.8,18.4,9.04,7.63903527,850.625,572.964606,0.40140535
11/10/18,8:31,UC-1-07-A,PR_UC_A,Urbanna Creek,Set1,7,11,8.84,95,16.3,8.94,,,,
11/9/18,20:01,"PR, UC-A",PR_UC_A,Sump,Set1,1,Sump,8.85,102.8,18.4,9.04,7.63903527,850.625,572.964606,0.40140535
11/10/18,8:32,UC-1-01-A,PR_UC_A,Urbanna Creek,Set1,1,12,8.93,95.6,16.3,8.94,,,,
11/9/18,20:01,"PR, UC-A",PR_UC_A,Sump,Set1,1,Sump,8.85,102.8,18.4,9.04,7.63903527,850.625,572.964606,0.40140535
11/10/18,9:06,UC-1-02-A,PR_UC_A,Urbanna Creek,Set1,2,20,9.06,97.7,16.4,8.94,,,,
11/9/18,20:01,"PR, UC-A",PR_UC_A,Sump,Set1,1,Sump,8.85,102.8,18.4,9.04,7.63903527,850.625,572.964606,0.40140535
11/10/18,9:09,PR-1-02-A,PR_UC_A,Piankatank,Set1,2,23,8.95,95.7,16.3,8.94,,,,
11/9/18,20:01,"PR, UC-A",PR_UC_A,Sump,Set1,1,Sump,8.85,102.8,18.4,9.04,7.63903527,850.625,572.964606,0.40140535
11/10/18,9:41,PR-1-04-A,PR_UC_A,Piankatank,Set1,4,34,9.22,98.9,16.3,8.94,,,,
11/9/18,20:01,"PR, UC-A",PR_UC_A,Sump,Set1,1,Sump,8.85,102.8,18.4,9.04,7.63903527,850.625,572.964606,0.40140535
11/10/18,9:47,PR-1-07-A,PR_UC_A,Piankatank,Set1,7,39,9.1,97.9,16.3,8.94,,,,
11/9/18,20:01,"PR, UC-A",PR_UC_A,Sump,Set1,1,Sump,8.85,102.8,18.4,9.04,7.63903527,850.625,572.964606,0.40140535
11/10/18,10:12,PR-1-05-A,PR_UC_A,Piankatank,Set1,5,45,9.21,98.7,16.2,8.94,7.43696621,,916.303375,0.23382226
11/9/18,20:01,"PR, UC-A",PR_UC_A,Sump,Set1,1,Sump,8.85,102.8,18.4,9.04,7.63903527,850.625,572.964606,0.40140535
11/10/18,8:20,UC-1-05-A,PR_UC_A,Urbanna Creek,Set1,5,5,8.66,93.4,16.4,8.95,,,,
11/9/18,20:01,"PR, UC-A",PR_UC_A,Sump,Set1,1,Sump,8.85,102.8,18.4,9.04,7.63903527,850.625,572.964606,0.40140535
11/10/18,8:33,UC-1-06-A,PR_UC_A,Urbanna Creek,Set1,6,13,8.16,87.7,16.4,8.95,,,,
11/9/18,20:01,"PR, UC-A",PR_UC_A,Sump,Set1,1,Sump,8.85,102.8,18.4,9.04,7.63903527,850.625,572.964606,0.40140535
11/10/18,9:10,PR-1-03-A,PR_UC_A,Piankatank,Set1,3,24,9.14,97.9,16.2,8.95,,,,
11/9/18,20:01,"PR, UC-A",PR_UC_A,Sump,Set1,1,Sump,8.85,102.8,18.4,9.04,7.63903527,850.625,572.964606,0.40140535
11/10/18,9:15,PR-1-06-A,PR_UC_A,Piankatank,Set1,6,28,9.73,97.5,16.3,8.95,,,,
11/9/18,20:01,"PR, UC-A",PR_UC_A,Sump,Set1,1,Sump,8.85,102.8,18.4,9.04,7.63903527,850.625,572.964606,0.40140535
11/10/18,10:17,UC-1-04-A,PR_UC_A,Urbanna Creek,Set1,4,46,9.38,101.3,16.4,8.95,7.64653063,,558.040431,0.37668481
11/9/18,20:01,"PR, UC-A",PR_UC_A,Sump,Set1,1,Sump,8.85,102.8,18.4,9.04,7.63903527,850.625,572.964606,0.40140535
11/10/18,10:10,UC-1-03-A,PR_UC_A,Urbanna Creek,Set1,3,44,8.99,96.4,16.3,8.96,,,,
11/9/18,20:01,"PR, UC-A",PR_UC_A,Sump,Set1,1,Sump,8.85,102.8,18.4,9.04,7.63903527,850.625,572.964606,0.40140535
11/10/18,20:18,UC-1-07-A,PR_UC_A,Urbanna Creek,Set1,7,11,8.99,94.9,16,9.01,7.34592695,,1132.10147,0.18919632
11/10/18,7:55,"PR, UC-A",PR_UC_A,Sump,Set1,1,Sump,9.69,110.1,17.4,9,7.65339185,869.375,561.884246,0.40670825
11/10/18,20:43,PR-1-01-A,PR_UC_A,Piankatank,Set1,1,18,9.31,98.8,16.1,9.02,,,,
11/10/18,7:55,"PR, UC-A",PR_UC_A,Sump,Set1,1,Sump,9.69,110.1,17.4,9,7.65339185,869.375,561.884246,0.40670825
11/10/18,21:25,PR-1-04-A,PR_UC_A,Piankatank,Set1,4,34,9.35,99.1,16,9.02,,,,
11/10/18,7:55,"PR, UC-A",PR_UC_A,Sump,Set1,1,Sump,9.69,110.1,17.4,9,7.65339185,869.375,561.884246,0.40670825
11/10/18,21:56,UC-1-03-A,PR_UC_A,Urbanna Creek,Set1,3,44,9.12,96.6,16,9.02,,,,
11/10/18,7:55,"PR, UC-A",PR_UC_A,Sump,Set1,1,Sump,9.69,110.1,17.4,9,7.65339185,869.375,561.884246,0.40670825
11/10/18,21:57,PR-1-05-A,PR_UC_A,Piankatank,Set1,5,45,9.39,99.5,16,9.02,,,,
11/10/18,7:55,"PR, UC-A",PR_UC_A,Sump,Set1,1,Sump,9.69,110.1,17.4,9,7.65339185,869.375,561.884246,0.40670825
11/10/18,20:11,UC-1-05-A,PR_UC_A,Urbanna Creek,Set1,5,5,9.18,97.2,16.1,9.03,,,,
11/10/18,7:55,"PR, UC-A",PR_UC_A,Sump,Set1,1,Sump,9.69,110.1,17.4,9,7.65339185,869.375,561.884246,0.40670825
11/10/18,20:22,UC-1-01-A,PR_UC_A,Urbanna Creek,Set1,1,12,10.56,117.4,16.1,9.03,,,,
11/10/18,7:55,"PR, UC-A",PR_UC_A,Sump,Set1,1,Sump,9.69,110.1,17.4,9,7.65339185,869.375,561.884246,0.40670825
11/10/18,20:24,UC-1-06-A,PR_UC_A,Urbanna Creek,Set1,6,13,8.86,93.4,15.8,9.03,,,,
11/10/18,7:55,"PR, UC-A",PR_UC_A,Sump,Set1,1,Sump,9.69,110.1,17.4,9,7.65339185,869.375,561.884246,0.40670825
11/10/18,20:46,UC-1-02-A,PR_UC_A,Urbanna Creek,Set1,2,20,9.12,96.8,16.1,9.03,,,,
11/10/18,7:55,"PR, UC-A",PR_UC_A,Sump,Set1,1,Sump,9.69,110.1,17.4,9,7.65339185,869.375,561.884246,0.40670825
11/10/18,20:51,PR-1-02-A,PR_UC_A,Piankatank,Set1,2,23,9.16,97.5,15.9,9.03,,,,
11/10/18,7:55,"PR, UC-A",PR_UC_A,Sump,Set1,1,Sump,9.69,110.1,17.4,9,7.65339185,869.375,561.884246,0.40670825
11/10/18,20:52,PR-1-03-A,PR_UC_A,Piankatank,Set1,3,24,9.26,97.7,16,9.03,,,,
11/10/18,7:55,"PR, UC-A",PR_UC_A,Sump,Set1,1,Sump,9.69,110.1,17.4,9,7.65339185,869.375,561.884246,0.40670825
11/10/18,21:32,PR-1-07-A,PR_UC_A,Piankatank,Set1,7,39,9.22,97.6,15.9,9.03,,,,
11/10/18,7:55,"PR, UC-A",PR_UC_A,Sump,Set1,1,Sump,9.69,110.1,17.4,9,7.65339185,869.375,561.884246,0.40670825
11/10/18,21:58,UC-1-04-A,PR_UC_A,Urbanna Creek,Set1,4,46,9.32,98.6,16.1,9.03,,,,
11/10/18,7:55,"PR, UC-A",PR_UC_A,Sump,Set1,1,Sump,9.69,110.1,17.4,9,7.65339185,869.375,561.884246,0.40670825
11/10/18,20:57,PR-1-06-A,PR_UC_A,Piankatank,Set1,6,28,9.2,97.4,16,9.04,7.6710018,,524.156689,0.39194085
11/10/18,7:55,"PR, UC-A",PR_UC_A,Sump,Set1,1,Sump,9.69,110.1,17.4,9,7.65339185,869.375,561.884246,0.40670825
11/11/18,10:10,PR-1-07-A,PR_UC_A,Piankatank,Set1,7,39,9.35,96.9,15.2,8.66,,,,
11/10/18,19:38,"PR, UC-A",PR_UC_A,Sump,Set1,1,Sump,9.26,99.9,16.8,8.68,7.64930713,834.26,561.235214,0.39587055
11/11/18,8:30,UC-1-05-A,PR_UC_A,Urbanna Creek,Set1,5,5,9.25,96.3,15.4,8.67,,,,
11/10/18,19:38,"PR, UC-A",PR_UC_A,Sump,Set1,1,Sump,9.26,99.9,16.8,8.68,7.64930713,834.26,561.235214,0.39587055
11/11/18,8:43,UC-1-07-A,PR_UC_A,Urbanna Creek,Set1,7,11,9.5,98.5,15.4,8.67,,,,
11/10/18,19:38,"PR, UC-A",PR_UC_A,Sump,Set1,1,Sump,9.26,99.9,16.8,8.68,7.64930713,834.26,561.235214,0.39587055
11/11/18,8:45,UC-1-01-A,PR_UC_A,Urbanna Creek,Set1,1,12,9.29,96.7,15.4,8.67,,,,
11/10/18,19:38,"PR, UC-A",PR_UC_A,Sump,Set1,1,Sump,9.26,99.9,16.8,8.68,7.64930713,834.26,561.235214,0.39587055
11/11/18,8:47,UC-1-06-A,PR_UC_A,Urbanna Creek,Set1,6,13,9.53,98.5,15.4,8.67,,,,
11/10/18,19:38,"PR, UC-A",PR_UC_A,Sump,Set1,1,Sump,9.26,99.9,16.8,8.68,7.64930713,834.26,561.235214,0.39587055
11/11/18,8:56,PR-1-01-A,PR_UC_A,Piankatank,Set1,1,18,9.51,98.6,15.4,8.67,,,,
11/10/18,19:38,"PR, UC-A",PR_UC_A,Sump,Set1,1,Sump,9.26,99.9,16.8,8.68,7.64930713,834.26,561.235214,0.39587055
11/11/18,9:00,UC-1-02-A,PR_UC_A,Urbanna Creek,Set1,2,20,9.57,99.4,15.4,8.67,,,,
11/10/18,19:38,"PR, UC-A",PR_UC_A,Sump,Set1,1,Sump,9.26,99.9,16.8,8.68,7.64930713,834.26,561.235214,0.39587055
11/11/18,9:48,PR-1-04-A,PR_UC_A,Piankatank,Set1,4,34,9.54,98.7,15.3,8.67,,,,
11/10/18,19:38,"PR, UC-A",PR_UC_A,Sump,Set1,1,Sump,9.26,99.9,16.8,8.68,7.64930713,834.26,561.235214,0.39587055
11/11/18,10:38,UC-1-04-A,PR_UC_A,Urbanna Creek,Set1,4,46,9.66,100,15.2,8.67,7.59282311,,632.616617,0.31538675
11/10/18,19:38,"PR, UC-A",PR_UC_A,Sump,Set1,1,Sump,9.26,99.9,16.8,8.68,7.64930713,834.26,561.235214,0.39587055
11/11/18,9:07,PR-1-02-A,PR_UC_A,Piankatank,Set1,2,23,9.69,99.4,15.4,8.68,,,,
11/10/18,19:38,"PR, UC-A",PR_UC_A,Sump,Set1,1,Sump,9.26,99.9,16.8,8.68,7.64930713,834.26,561.235214,0.39587055
11/11/18,9:08,PR-1-03-A,PR_UC_A,Piankatank,Set1,3,24,9.46,98,15.3,8.68,7.53582763,,724.497331,0.27893582
11/10/18,19:38,"PR, UC-A",PR_UC_A,Sump,Set1,1,Sump,9.26,99.9,16.8,8.68,7.64930713,834.26,561.235214,0.39587055
11/11/18,9:28,PR-1-06-A,PR_UC_A,Piankatank,Set1,6,28,6.36,66.2,15.5,8.68,,,,
11/10/18,19:38,"PR, UC-A",PR_UC_A,Sump,Set1,1,Sump,9.26,99.9,16.8,8.68,7.64930713,834.26,561.235214,0.39587055
11/11/18,10:33,UC-1-03-A,PR_UC_A,Urbanna Creek,Set1,3,44,9.24,95.5,15.2,8.68,,,,
11/10/18,19:38,"PR, UC-A",PR_UC_A,Sump,Set1,1,Sump,9.26,99.9,16.8,8.68,7.64930713,834.26,561.235214,0.39587055
11/11/18,10:36,PR-1-05-A,PR_UC_A,Piankatank,Set1,5,45,9.63,98.8,15.2,8.68,,,,
11/10/18,19:38,"PR, UC-A",PR_UC_A,Sump,Set1,1,Sump,9.26,99.9,16.8,8.68,7.64930713,834.26,561.235214,0.39587055
11/9/18,20:13,VP-1-05-A,VP_A,VIMS Pier,Set1,5,3,8.52,97.9,16.8,16.38,,,,
11/9/18,8:09,VP-A,VP_A,Sump,Set1,1,Sump,9.06,101.5,17.6,16.43,7.8489233,1557.545,555.184364,1.34495934
11/9/18,22:37,VP-1-06-A,VP_A,VIMS Pier,Set1,6,51,8.36,95.5,16.8,16.4,7.31748639,1523.79,1938.35333,0.38925198
11/9/18,8:09,VP-A,VP_A,Sump,Set1,1,Sump,9.06,101.5,17.6,16.43,7.8489233,1557.545,555.184364,1.34495934
11/9/18,21:24,VP-1-01-A,VP_A,VIMS Pier,Set1,1,22,8.24,94,16.9,16.41,,,,
11/9/18,8:09,VP-A,VP_A,Sump,Set1,1,Sump,9.06,101.5,17.6,16.43,7.8489233,1557.545,555.184364,1.34495934
11/9/18,22:28,VP-1-07-A,VP_A,VIMS Pier,Set1,7,43,9.36,113.2,16.7,16.41,,,,
11/9/18,8:09,VP-A,VP_A,Sump,Set1,1,Sump,9.06,101.5,17.6,16.43,7.8489233,1557.545,555.184364,1.34495934
11/9/18,22:34,VP-1-03-A,VP_A,VIMS Pier,Set1,3,48,7.99,91.4,16.9,16.41,,,,
11/9/18,8:09,VP-A,VP_A,Sump,Set1,1,Sump,9.06,101.5,17.6,16.43,7.8489233,1557.545,555.184364,1.34495934
11/9/18,22:40,VP-1-04-A,VP_A,VIMS Pier,Set1,4,52,8.39,95.9,16.8,16.41,,,,
11/9/18,8:09,VP-A,VP_A,Sump,Set1,1,Sump,9.06,101.5,17.6,16.43,7.8489233,1557.545,555.184364,1.34495934
11/9/18,20:32,VP-1-02-A,VP_A,VIMS Pier,Set1,2,8,9.01,103.6,16.8,16.42,,,,
11/9/18,8:09,VP-A,VP_A,Sump,Set1,1,Sump,9.06,101.5,17.6,16.43,7.8489233,1557.545,555.184364,1.34495934
11/10/18,8:25,VP-1-02-A,VP_A,VIMS Pier,Set1,2,8,8.55,97.6,16.4,16.19,7.41772846,,1563.6903,0.49431071
11/9/18,19:59,VP-A,VP_A,Sump,Set1,1,Sump,8.75,110.8,18.3,16.2,7.84066612,1554.985,569.579385,1.34892173
11/10/18,8:18,VP-1-05-A,VP_A,VIMS Pier,Set1,5,3,8.67,98.2,16.4,16.2,,,,
11/9/18,19:59,VP-A,VP_A,Sump,Set1,1,Sump,8.75,110.8,18.3,16.2,7.84066612,1554.985,569.579385,1.34892173
11/10/18,10:20,VP-1-03-A,VP_A,VIMS Pier,Set1,3,48,8.61,96.9,16.3,16.2,,,,
11/9/18,19:59,VP-A,VP_A,Sump,Set1,1,Sump,8.75,110.8,18.3,16.2,7.84066612,1554.985,569.579385,1.34892173
11/10/18,10:23,VP-1-06-A,VP_A,VIMS Pier,Set1,6,51,8.57,95.9,16.2,16.2,,,,
11/9/18,19:59,VP-A,VP_A,Sump,Set1,1,Sump,8.75,110.8,18.3,16.2,7.84066612,1554.985,569.579385,1.34892173
11/10/18,9:08,VP-1-01-A,VP_A,VIMS Pier,Set1,1,22,8.75,98,16.3,16.21,,,,
11/9/18,19:59,VP-A,VP_A,Sump,Set1,1,Sump,8.75,110.8,18.3,16.2,7.84066612,1554.985,569.579385,1.34892173
11/10/18,10:09,VP-1-07-A,VP_A,VIMS Pier,Set1,7,43,9.33,107.5,16.3,16.21,,,,
11/9/18,19:59,VP-A,VP_A,Sump,Set1,1,Sump,8.75,110.8,18.3,16.2,7.84066612,1554.985,569.579385,1.34892173
11/10/18,10:24,VP-1-04-A,VP_A,VIMS Pier,Set1,4,52,8.61,96.2,16.2,16.21,,,,
11/9/18,19:59,VP-A,VP_A,Sump,Set1,1,Sump,8.75,110.8,18.3,16.2,7.84066612,1554.985,569.579385,1.34892173
11/10/18,22:03,VP-1-06-A,VP_A,VIMS Pier,Set1,6,51,8.87,98.2,15.9,16.09,,,,
11/10/18,7:40,VP-A,VP_A,Sump,Set1,1,Sump,9.05,105.4,17.3,16.06,7.83081819,1546.67,579.138978,1.2594843
11/10/18,20:09,VP-1-05-A,VP_A,VIMS Pier,Set1,5,3,9.24,101.3,16.1,16.1,,,,
11/10/18,7:40,VP-A,VP_A,Sump,Set1,1,Sump,9.05,105.4,17.3,16.06,7.83081819,1546.67,579.138978,1.2594843
11/10/18,20:14,VP-1-02-A,VP_A,VIMS Pier,Set1,2,8,8.86,98,16,16.1,,,,
11/10/18,7:40,VP-A,VP_A,Sump,Set1,1,Sump,9.05,105.4,17.3,16.06,7.83081819,1546.67,579.138978,1.2594843
11/10/18,20:49,VP-1-01-A,VP_A,VIMS Pier,Set1,1,22,8.66,95.9,16.1,16.1,,,,
11/10/18,7:40,VP-A,VP_A,Sump,Set1,1,Sump,9.05,105.4,17.3,16.06,7.83081819,1546.67,579.138978,1.2594843
11/10/18,21:51,VP-1-07-A,VP_A,VIMS Pier,Set1,7,43,9.05,100.5,16.1,16.1,,,,
11/10/18,7:40,VP-A,VP_A,Sump,Set1,1,Sump,9.05,105.4,17.3,16.06,7.83081819,1546.67,579.138978,1.2594843
11/10/18,21:53,VP-1-03-A,VP_A,VIMS Pier,Set1,3,48,8.85,97.8,16.1,16.1,7.59800154,,1017.12686,0.72744283
11/10/18,7:40,VP-A,VP_A,Sump,Set1,1,Sump,9.05,105.4,17.3,16.06,7.83081819,1546.67,579.138978,1.2594843
11/10/18,22:04,VP-1-04-A,VP_A,VIMS Pier,Set1,4,52,8.89,98.1,16,16.1,,,,
11/10/18,7:40,VP-A,VP_A,Sump,Set1,1,Sump,9.05,105.4,17.3,16.06,7.83081819,1546.67,579.138978,1.2594843
11/11/18,8:37,VP-1-02-A,VP_A,VIMS Pier,Set1,2,8,9.09,98.5,15.4,15.97,,,,
11/10/18,19:35,VP-A,VP_A,Sump,Set1,1,Sump,9.22,108.9,17,16,7.84438327,,562.154016,1.28500325
11/11/18,9:04,VP-1-01-A,VP_A,VIMS Pier,Set1,1,22,9.03,97.9,15.4,15.98,,,,
11/10/18,19:35,VP-A,VP_A,Sump,Set1,1,Sump,9.22,108.9,17,16,7.84438327,,562.154016,1.28500325
11/11/18,10:29,VP-1-07-A,VP_A,VIMS Pier,Set1,7,43,9.07,98,15.2,15.98,,,,
11/10/18,19:35,VP-A,VP_A,Sump,Set1,1,Sump,9.22,108.9,17,16,7.84438327,,562.154016,1.28500325
11/11/18,10:47,VP-1-03-A,VP_A,VIMS Pier,Set1,3,48,9.14,97.7,15.3,15.98,,,,
11/10/18,19:35,VP-A,VP_A,Sump,Set1,1,Sump,9.22,108.9,17,16,7.84438327,,562.154016,1.28500325
11/11/18,10:57,VP-1-06-A,VP_A,VIMS Pier,Set1,6,51,9.07,97.9,15.1,15.98,,,,
11/10/18,19:35,VP-A,VP_A,Sump,Set1,1,Sump,9.22,108.9,17,16,7.84438327,,562.154016,1.28500325
11/11/18,11:00,VP-1-04-A,VP_A,VIMS Pier,Set1,4,52,9.06,97.8,15.1,15.98,7.69301372,,805.953635,
11/10/18,19:35,VP-A,VP_A,Sump,Set1,1,Sump,9.22,108.9,17,16,7.84438327,,562.154016,1.28500325
11/11/18,8:28,VP-1-05-A,VP_A,VIMS Pier,Set1,5,3,6.35,69,15.5,15.99,,,,
11/10/18,19:35,VP-A,VP_A,Sump,Set1,1,Sump,9.22,108.9,17,16,7.84438327,,562.154016,1.28500325
12/14/18,21:53,UC-2-07-A,Ambient,Urbanna Creek,Set2,7,32,11.72,107.2,8.3,11.86,,,,
12/14/18,7:33,All-A,Ambient,Sump,Set2,1,Sump,9.85,101.9,14.2,11.85,7.81478844,1305.05,534.892798,0.82123942
12/14/18,22:28,MR-2-03-A,Ambient,Merroir,Set2,3,49,11.84,109,8.3,11.86,,,,
12/14/18,7:33,All-A,Ambient,Sump,Set2,1,Sump,9.85,101.9,14.2,11.85,7.81478844,1305.05,534.892798,0.82123942
12/14/18,22:33,UC-2-05-A,Ambient,Urbanna Creek,Set2,5,53,11.59,107.1,8.7,11.86,,,,
12/14/18,7:33,All-A,Ambient,Sump,Set2,1,Sump,9.85,101.9,14.2,11.85,7.81478844,1305.05,534.892798,0.82123942
12/14/18,22:36,MR-2-01-A,Ambient,Merroir,Set2,1,56,11.53,107.1,9,11.86,,,,
12/14/18,7:33,All-A,Ambient,Sump,Set2,1,Sump,9.85,101.9,14.2,11.85,7.81478844,1305.05,534.892798,0.82123942
12/14/18,20:41,PR-2-04-A,Ambient,Piankatank,Set2,4,4,14.6,148.1,8.2,11.87,7.70824284,1259.415,642.023599,0.48992451
12/14/18,7:33,All-A,Ambient,Sump,Set2,1,Sump,9.85,101.9,14.2,11.85,7.81478844,1305.05,534.892798,0.82123942
12/14/18,20:54,VP-2-04-A,Ambient,VIMS Pier,Set2,4,12,11.45,106,8.8,11.87,,,,
12/14/18,7:33,All-A,Ambient,Sump,Set2,1,Sump,9.85,101.9,14.2,11.85,7.81478844,1305.05,534.892798,0.82123942
12/14/18,21:22,VP-2-06-A,Ambient,VIMS Pier,Set2,6,17,12,111.8,8.3,11.87,,,,
12/14/18,7:33,All-A,Ambient,Sump,Set2,1,Sump,9.85,101.9,14.2,11.85,7.81478844,1305.05,534.892798,0.82123942
12/14/18,21:24,UC-2-04-A,Ambient,Urbanna Creek,Set2,4,21,11.72,107.7,8.6,11.87,,,,
12/14/18,7:33,All-A,Ambient,Sump,Set2,1,Sump,9.85,101.9,14.2,11.85,7.81478844,1305.05,534.892798,0.82123942
12/14/18,21:51,VP-2-07-A,Ambient,VIMS Pier,Set2,7,31,11.79,107.3,8,11.87,,,,
12/14/18,7:33,All-A,Ambient,Sump,Set2,1,Sump,9.85,101.9,14.2,11.85,7.81478844,1305.05,534.892798,0.82123942
12/14/18,22:30,UC-2-02-A,Ambient,Urbanna Creek,Set2,2,50,11.67,107.4,8.6,11.87,,,,
12/14/18,7:33,All-A,Ambient,Sump,Set2,1,Sump,9.85,101.9,14.2,11.85,7.81478844,1305.05,534.892798,0.82123942
12/14/18,22:34,MR-2-05-A,Ambient,Merroir,Set2,5,54,11.58,107.6,9,11.87,,,,
12/14/18,7:33,All-A,Ambient,Sump,Set2,1,Sump,9.85,101.9,14.2,11.85,7.81478844,1305.05,534.892798,0.82123942
12/14/18,20:42,PR-2-02-A,Ambient,Piankatank,Set2,2,2,11.95,110.1,8.7,11.88,,,,
12/14/18,7:33,All-A,Ambient,Sump,Set2,1,Sump,9.85,101.9,14.2,11.85,7.81478844,1305.05,534.892798,0.82123942
12/14/18,20:44,PR-2-03-A,Ambient,Piankatank,Set2,3,5,11.73,108.1,8.6,11.88,,,,
12/14/18,7:33,All-A,Ambient,Sump,Set2,1,Sump,9.85,101.9,14.2,11.85,7.81478844,1305.05,534.892798,0.82123942
12/14/18,20:46,VP-2-02-A,Ambient,VIMS Pier,Set2,2,6,11.78,108.2,8.5,11.88,,,,
12/14/18,7:33,All-A,Ambient,Sump,Set2,1,Sump,9.85,101.9,14.2,11.85,7.81478844,1305.05,534.892798,0.82123942
12/14/18,20:49,PR-2-01-A,Ambient,Piankatank,Set2,1,8,11.77,108.2,8.5,11.88,,,,
12/14/18,7:33,All-A,Ambient,Sump,Set2,1,Sump,9.85,101.9,14.2,11.85,7.81478844,1305.05,534.892798,0.82123942
12/14/18,20:50,MR-2-06-A,Ambient,Merroir,Set2,6,9,11.63,106.8,8.6,11.88,,,,
12/14/18,7:33,All-A,Ambient,Sump,Set2,1,Sump,9.85,101.9,14.2,11.85,7.81478844,1305.05,534.892798,0.82123942
12/14/18,20:55,UC-2-06-A,Ambient,Urbanna Creek,Set2,6,13,11.68,108.9,8.8,11.88,,,,
12/14/18,7:33,All-A,Ambient,Sump,Set2,1,Sump,9.85,101.9,14.2,11.85,7.81478844,1305.05,534.892798,0.82123942
12/14/18,21:11,UC-2-01-A,Ambient,Urbanna Creek,Set2,1,18,11.92,108.6,8.2,11.88,7.71377096,1192.9,599.861692,0.46975465
12/14/18,7:33,All-A,Ambient,Sump,Set2,1,Sump,9.85,101.9,14.2,11.85,7.81478844,1305.05,534.892798,0.82123942
12/14/18,21:27,UC-2-03-A,Ambient,Urbanna Creek,Set2,3,23,11.61,107.5,8.9,11.88,,,,
12/14/18,7:33,All-A,Ambient,Sump,Set2,1,Sump,9.85,101.9,14.2,11.85,7.81478844,1305.05,534.892798,0.82123942
12/14/18,21:32,MR-2-04-A,Ambient,Merroir,Set2,4,27,11.7,108.2,8.9,11.88,,,,
12/14/18,7:33,All-A,Ambient,Sump,Set2,1,Sump,9.85,101.9,14.2,11.85,7.81478844,1305.05,534.892798,0.82123942
12/14/18,22:04,PR-2-05-A,Ambient,Piankatank,Set2,5,40,11.85,109.2,8.6,11.88,,,,
12/14/18,7:33,All-A,Ambient,Sump,Set2,1,Sump,9.85,101.9,14.2,11.85,7.81478844,1305.05,534.892798,0.82123942
12/14/18,22:24,PR-2-06-A,Ambient,Piankatank,Set2,6,43,12.05,110.5,8.2,11.88,,,,
12/14/18,7:33,All-A,Ambient,Sump,Set2,1,Sump,9.85,101.9,14.2,11.85,7.81478844,1305.05,534.892798,0.82123942
12/14/18,22:26,PR-2-07-A,Ambient,Piankatank,Set2,7,45,11.85,108.2,8.2,11.88,,,,
12/14/18,7:33,All-A,Ambient,Sump,Set2,1,Sump,9.85,101.9,14.2,11.85,7.81478844,1305.05,534.892798,0.82123942
12/14/18,22:18,VP-2-05-A,Ambient,VIMS Pier,Set2,5,47,12.63,116.3,8,11.88,7.79041181,821.415,342.285695,0.37887082
12/14/18,7:33,All-A,Ambient,Sump,Set2,1,Sump,9.85,101.9,14.2,11.85,7.81478844,1305.05,534.892798,0.82123942
12/14/18,22:35,VP-2-01-A,Ambient,VIMS Pier,Set2,1,55,11.69,108.2,8.8,11.88,,,,
12/14/18,7:33,All-A,Ambient,Sump,Set2,1,Sump,9.85,101.9,14.2,11.85,7.81478844,1305.05,534.892798,0.82123942
12/14/18,20:56,MR-2-07-A,Ambient,Merroir,Set2,7,14,11.56,107.2,8.8,11.89,,,,
12/14/18,7:33,All-A,Ambient,Sump,Set2,1,Sump,9.85,101.9,14.2,11.85,7.81478844,1305.05,534.892798,0.82123942
12/14/18,21:13,MR-2-02-A,Ambient,Merroir,Set2,2,20,11.86,107.7,8,11.89,7.68802767,1139.165,607.957956,0.42013876
12/14/18,7:33,All-A,Ambient,Sump,Set2,1,Sump,9.85,101.9,14.2,11.85,7.81478844,1305.05,534.892798,0.82123942
12/14/18,22:03,VP-2-03-A,Ambient,VIMS Pier,Set2,3,39,11.9,109.7,8.7,11.89,7.7757405,,544.750988,0.56287762
12/14/18,7:33,All-A,Ambient,Sump,Set2,1,Sump,9.85,101.9,14.2,11.85,7.81478844,1305.05,534.892798,0.82123942
12/15/18,8:07,PR-2-02-A,Ambient,Piankatank,Set2,2,2,11.8,109.2,8.4,12.29,,,,
12/14/18,20:08,All-A,Ambient,Sump,Set2,1,Sump,10.21,104.7,13.3,12.29,7.78161077,1332.48,584.205888,0.76067976
12/15/18,8:15,MR-2-06-A,Ambient,Merroir,Set2,6,9,11.59,108.6,8.6,12.29,,,,
12/14/18,20:08,All-A,Ambient,Sump,Set2,1,Sump,10.21,104.7,13.3,12.29,7.78161077,1332.48,584.205888,0.76067976
12/15/18,8:19,VP-2-04-A,Ambient,VIMS Pier,Set2,4,12,11.39,106.3,8.8,12.29,,,,
12/14/18,20:08,All-A,Ambient,Sump,Set2,1,Sump,10.21,104.7,13.3,12.29,7.78161077,1332.48,584.205888,0.76067976
12/15/18,8:37,MR-2-02-A,Ambient,Merroir,Set2,2,20,11.83,106.8,8.4,12.29,,,,
12/14/18,20:08,All-A,Ambient,Sump,Set2,1,Sump,10.21,104.7,13.3,12.29,7.78161077,1332.48,584.205888,0.76067976
12/15/18,9:08,VP-2-07-A,Ambient,VIMS Pier,Set2,7,31,11.79,110.1,8.4,12.29,,,,
12/14/18,20:08,All-A,Ambient,Sump,Set2,1,Sump,10.21,104.7,13.3,12.29,7.78161077,1332.48,584.205888,0.76067976
12/15/18,9:10,UC-2-07-A,Ambient,Urbanna Creek,Set2,7,32,11.85,110.1,8.5,12.29,,,,
12/14/18,20:08,All-A,Ambient,Sump,Set2,1,Sump,10.21,104.7,13.3,12.29,7.78161077,1332.48,584.205888,0.76067976
12/15/18,9:20,VP-2-03-A,Ambient,VIMS Pier,Set2,3,39,11.81,110.9,9.1,12.29,,,,
12/14/18,20:08,All-A,Ambient,Sump,Set2,1,Sump,10.21,104.7,13.3,12.29,7.78161077,1332.48,584.205888,0.76067976
12/15/18,9:50,MR-2-03-A,Ambient,Merroir,Set2,3,49,11.68,108.8,8.8,12.29,,,,
12/14/18,20:08,All-A,Ambient,Sump,Set2,1,Sump,10.21,104.7,13.3,12.29,7.78161077,1332.48,584.205888,0.76067976
12/15/18,9:54,UC-2-05-A,Ambient,Urbanna Creek,Set2,5,53,11.48,108.1,9.1,12.29,,,,
12/14/18,20:08,All-A,Ambient,Sump,Set2,1,Sump,10.21,104.7,13.3,12.29,7.78161077,1332.48,584.205888,0.76067976
12/15/18,9:57,MR-2-01-A,Ambient,Merroir,Set2,1,56,11.3,106.6,9.3,12.29,,,,
12/14/18,20:08,All-A,Ambient,Sump,Set2,1,Sump,10.21,104.7,13.3,12.29,7.78161077,1332.48,584.205888,0.76067976
12/15/18,8:09,PR-2-04-A,Ambient,Piankatank,Set2,4,4,11.66,108.2,8.3,12.3,,,,
12/14/18,20:08,All-A,Ambient,Sump,Set2,1,Sump,10.21,104.7,13.3,12.29,7.78161077,1332.48,584.205888,0.76067976
12/15/18,8:10,PR-2-03-A,Ambient,Piankatank,Set2,3,5,11.67,107.9,8.3,12.3,,,,
12/14/18,20:08,All-A,Ambient,Sump,Set2,1,Sump,10.21,104.7,13.3,12.29,7.78161077,1332.48,584.205888,0.76067976
12/15/18,8:12,VP-2-02-A,Ambient,VIMS Pier,Set2,2,6,11.61,107.7,8.5,12.3,,,,
12/14/18,20:08,All-A,Ambient,Sump,Set2,1,Sump,10.21,104.7,13.3,12.29,7.78161077,1332.48,584.205888,0.76067976
12/15/18,8:14,PR-2-01-A,Ambient,Piankatank,Set2,1,8,11.57,107.5,8.4,12.3,,,,
12/14/18,20:08,All-A,Ambient,Sump,Set2,1,Sump,10.21,104.7,13.3,12.29,7.78161077,1332.48,584.205888,0.76067976
12/15/18,8:20,UC-2-06-A,Ambient,Urbanna Creek,Set2,6,13,11.5,107.3,8.8,12.3,,,,
12/14/18,20:08,All-A,Ambient,Sump,Set2,1,Sump,10.21,104.7,13.3,12.29,7.78161077,1332.48,584.205888,0.76067976
12/15/18,8:21,MR-2-07-A,Ambient,Merroir,Set2,7,14,11.42,107.9,9,12.3,,,,
12/14/18,20:08,All-A,Ambient,Sump,Set2,1,Sump,10.21,104.7,13.3,12.29,7.78161077,1332.48,584.205888,0.76067976
12/15/18,8:30,VP-2-06-A,Ambient,VIMS Pier,Set2,6,17,11.69,107.3,8,12.3,7.68656741,,667.758825,0.46643413
12/14/18,20:08,All-A,Ambient,Sump,Set2,1,Sump,10.21,104.7,13.3,12.29,7.78161077,1332.48,584.205888,0.76067976
12/15/18,8:33,UC-2-01-A,Ambient,Urbanna Creek,Set2,1,18,11.55,106.7,8.3,12.3,7.71021448,,632.477232,0.49773801
12/14/18,20:08,All-A,Ambient,Sump,Set2,1,Sump,10.21,104.7,13.3,12.29,7.78161077,1332.48,584.205888,0.76067976
12/15/18,8:38,UC-2-04-A,Ambient,Urbanna Creek,Set2,4,21,11.5,106.7,8.5,12.3,,,,
12/14/18,20:08,All-A,Ambient,Sump,Set2,1,Sump,10.21,104.7,13.3,12.29,7.78161077,1332.48,584.205888,0.76067976
12/15/18,8:40,UC-2-03-A,Ambient,Urbanna Creek,Set2,3,23,11.47,107,8.8,12.3,,,,
12/14/18,20:08,All-A,Ambient,Sump,Set2,1,Sump,10.21,104.7,13.3,12.29,7.78161077,1332.48,584.205888,0.76067976
12/15/18,9:40,PR-2-06-A,Ambient,Piankatank,Set2,6,43,12.72,118.6,8.3,12.3,,,,
12/14/18,20:08,All-A,Ambient,Sump,Set2,1,Sump,10.21,104.7,13.3,12.29,7.78161077,1332.48,584.205888,0.76067976
12/15/18,9:42,PR-2-07-A,Ambient,Piankatank,Set2,7,45,11.69,108.2,8.4,12.3,,,,
12/14/18,20:08,All-A,Ambient,Sump,Set2,1,Sump,10.21,104.7,13.3,12.29,7.78161077,1332.48,584.205888,0.76067976
12/15/18,9:47,VP-2-05-A,Ambient,VIMS Pier,Set2,5,47,12.36,117.1,8.9,12.3,,,,
12/14/18,20:08,All-A,Ambient,Sump,Set2,1,Sump,10.21,104.7,13.3,12.29,7.78161077,1332.48,584.205888,0.76067976
12/15/18,9:51,UC-2-02-A,Ambient,Urbanna Creek,Set2,2,50,11.51,110,8.8,12.3,,,,
12/14/18,20:08,All-A,Ambient,Sump,Set2,1,Sump,10.21,104.7,13.3,12.29,7.78161077,1332.48,584.205888,0.76067976
12/15/18,9:55,MR-2-05-A,Ambient,Merroir,Set2,5,54,11.37,108,9.3,12.3,7.62544439,,779.074773,0.42952485
12/14/18,20:08,All-A,Ambient,Sump,Set2,1,Sump,10.21,104.7,13.3,12.29,7.78161077,1332.48,584.205888,0.76067976
12/15/18,9:56,VP-2-01-A,Ambient,VIMS Pier,Set2,1,55,11.49,108.2,9.1,12.3,,,,
12/14/18,20:08,All-A,Ambient,Sump,Set2,1,Sump,10.21,104.7,13.3,12.29,7.78161077,1332.48,584.205888,0.76067976
12/15/18,8:48,MR-2-04-A,Ambient,Merroir,Set2,4,27,11.74,110.4,8.8,12.31,,,,
12/14/18,20:08,All-A,Ambient,Sump,Set2,1,Sump,10.21,104.7,13.3,12.29,7.78161077,1332.48,584.205888,0.76067976
12/15/18,9:21,PR-2-05-A,Ambient,Piankatank,Set2,5,40,11.58,108.2,9,12.31,7.74038268,,591.165326,0.54786829
12/14/18,20:08,All-A,Ambient,Sump,Set2,1,Sump,10.21,104.7,13.3,12.29,7.78161077,1332.48,584.205888,0.76067976
12/15/18,20:10,PR-2-02-A,Ambient,Piankatank,Set2,2,2,11.43,106.2,8.7,11.77,,,,
12/15/18,7:47,All-A,Ambient,Sump,Set2,1,Sump,10.35,106.1,13.1,11.77,7.79153152,1125.51,485.086467,0.6414042
12/15/18,20:22,PR-2-01-A,Ambient,Piankatank,Set2,1,8,11.46,107.8,8.8,11.77,,,,
12/15/18,7:47,All-A,Ambient,Sump,Set2,1,Sump,10.35,106.1,13.1,11.77,7.79153152,1125.51,485.086467,0.6414042
12/15/18,20:23,MR-2-06-A,Ambient,Merroir,Set2,6,9,11.42,106.9,8.9,11.77,,,,
12/15/18,7:47,All-A,Ambient,Sump,Set2,1,Sump,10.35,106.1,13.1,11.77,7.79153152,1125.51,485.086467,0.6414042
12/15/18,20:52,UC-2-04-A,Ambient,Urbanna Creek,Set2,4,21,11.22,107.1,9.4,11.77,,,,
12/15/18,7:47,All-A,Ambient,Sump,Set2,1,Sump,10.35,106.1,13.1,11.77,7.79153152,1125.51,485.086467,0.6414042
12/15/18,20:54,UC-2-03-A,Ambient,Urbanna Creek,Set2,3,23,11.2,106.9,9.7,11.77,,,,
12/15/18,7:47,All-A,Ambient,Sump,Set2,1,Sump,10.35,106.1,13.1,11.77,7.79153152,1125.51,485.086467,0.6414042
12/15/18,20:57,MR-2-04-A,Ambient,Merroir,Set2,4,27,11.41,107.8,9.4,11.77,,,,
12/15/18,7:47,All-A,Ambient,Sump,Set2,1,Sump,10.35,106.1,13.1,11.77,7.79153152,1125.51,485.086467,0.6414042
12/15/18,21:13,UC-2-07-A,Ambient,Urbanna Creek,Set2,7,32,11.66,107.9,8.4,11.77,,,,
12/15/18,7:47,All-A,Ambient,Sump,Set2,1,Sump,10.35,106.1,13.1,11.77,7.79153152,1125.51,485.086467,0.6414042
12/15/18,21:43,PR-2-07-A,Ambient,Piankatank,Set2,7,45,11.84,109.6,8.4,11.77,,,,
12/15/18,7:47,All-A,Ambient,Sump,Set2,1,Sump,10.35,106.1,13.1,11.77,7.79153152,1125.51,485.086467,0.6414042
12/15/18,21:50,MR-2-03-A,Ambient,Merroir,Set2,3,49,11.61,108.7,8.7,11.77,,,,
12/15/18,7:47,All-A,Ambient,Sump,Set2,1,Sump,10.35,106.1,13.1,11.77,7.79153152,1125.51,485.086467,0.6414042
12/15/18,21:45,UC-2-05-A,Ambient,Urbanna Creek,Set2,5,53,11.45,107.1,8.5,11.77,7.58888963,,418.895184,0.12983528
12/15/18,7:47,All-A,Ambient,Sump,Set2,1,Sump,10.35,106.1,13.1,11.77,7.79153152,1125.51,485.086467,0.6414042
12/15/18,21:53,MR-2-05-A,Ambient,Merroir,Set2,5,54,11.46,107.5,9,11.77,,,,
12/15/18,7:47,All-A,Ambient,Sump,Set2,1,Sump,10.35,106.1,13.1,11.77,7.79153152,1125.51,485.086467,0.6414042
12/15/18,21:55,MR-2-01-A,Ambient,Merroir,Set2,1,56,11.33,106.3,9,11.77,,,,
12/15/18,7:47,All-A,Ambient,Sump,Set2,1,Sump,10.35,106.1,13.1,11.77,7.79153152,1125.51,485.086467,0.6414042
12/15/18,20:12,PR-2-04-A,Ambient,Piankatank,Set2,4,4,11.8,109.5,8.6,11.78,,,,
12/15/18,7:47,All-A,Ambient,Sump,Set2,1,Sump,10.35,106.1,13.1,11.77,7.79153152,1125.51,485.086467,0.6414042
12/15/18,20:14,VP-2-02-A,Ambient,VIMS Pier,Set2,2,6,11.56,107.2,8.7,11.78,7.74017707,,595.388514,0.53344013
12/15/18,7:47,All-A,Ambient,Sump,Set2,1,Sump,10.35,106.1,13.1,11.77,7.79153152,1125.51,485.086467,0.6414042
12/15/18,20:26,VP-2-04-A,Ambient,VIMS Pier,Set2,4,12,11.41,107.3,9.1,11.78,,,,
12/15/18,7:47,All-A,Ambient,Sump,Set2,1,Sump,10.35,106.1,13.1,11.77,7.79153152,1125.51,485.086467,0.6414042
12/15/18,20:47,VP-2-06-A,Ambient,VIMS Pier,Set2,6,17,11.28,106.5,9.2,11.78,,,,
12/15/18,7:47,All-A,Ambient,Sump,Set2,1,Sump,10.35,106.1,13.1,11.77,7.79153152,1125.51,485.086467,0.6414042
12/15/18,20:48,UC-2-01-A,Ambient,Urbanna Creek,Set2,1,18,11.23,106,9.4,11.78,,,,
12/15/18,7:47,All-A,Ambient,Sump,Set2,1,Sump,10.35,106.1,13.1,11.77,7.79153152,1125.51,485.086467,0.6414042
12/15/18,20:51,MR-2-02-A,Ambient,Merroir,Set2,2,20,11.39,106.9,9.1,11.78,,,,
12/15/18,7:47,All-A,Ambient,Sump,Set2,1,Sump,10.35,106.1,13.1,11.77,7.79153152,1125.51,485.086467,0.6414042
12/15/18,21:13,VP-2-07-A,Ambient,VIMS Pier,Set2,7,31,11.87,110,8.3,11.78,,,,
12/15/18,7:47,All-A,Ambient,Sump,Set2,1,Sump,10.35,106.1,13.1,11.77,7.79153152,1125.51,485.086467,0.6414042
12/15/18,21:26,VP-2-03-A,Ambient,VIMS Pier,Set2,3,39,11.56,108.9,8.9,11.78,,,,
12/15/18,7:47,All-A,Ambient,Sump,Set2,1,Sump,10.35,106.1,13.1,11.77,7.79153152,1125.51,485.086467,0.6414042
12/15/18,21:15,PR-2-05-A,Ambient,Piankatank,Set2,5,40,11.72,108.8,8.4,11.78,7.62985121,,772.51273,0.4121279
12/15/18,7:47,All-A,Ambient,Sump,Set2,1,Sump,10.35,106.1,13.1,11.77,7.79153152,1125.51,485.086467,0.6414042
12/15/18,21:48,VP-2-05-A,Ambient,VIMS Pier,Set2,5,47,11.57,107.8,8.7,11.78,,,,
12/15/18,7:47,All-A,Ambient,Sump,Set2,1,Sump,10.35,106.1,13.1,11.77,7.79153152,1125.51,485.086467,0.6414042
12/15/18,21:51,UC-2-02-A,Ambient,Urbanna Creek,Set2,2,50,11.46,107.2,8.9,11.78,,,,
12/15/18,7:47,All-A,Ambient,Sump,Set2,1,Sump,10.35,106.1,13.1,11.77,7.79153152,1125.51,485.086467,0.6414042
12/15/18,20:13,PR-2-03-A,Ambient,Piankatank,Set2,3,5,11.58,107.6,8.6,11.79,,,,
12/15/18,7:47,All-A,Ambient,Sump,Set2,1,Sump,10.35,106.1,13.1,11.77,7.79153152,1125.51,485.086467,0.6414042
12/15/18,20:27,UC-2-06-A,Ambient,Urbanna Creek,Set2,6,13,11.51,108.1,9.1,11.79,,,,
12/15/18,7:47,All-A,Ambient,Sump,Set2,1,Sump,10.35,106.1,13.1,11.77,7.79153152,1125.51,485.086467,0.6414042
12/15/18,20:18,MR-2-07-A,Ambient,Merroir,Set2,7,14,11.44,106.6,8.6,11.79,7.74017707,,595.388524,0.53344013
12/15/18,7:47,All-A,Ambient,Sump,Set2,1,Sump,10.35,106.1,13.1,11.77,7.79153152,1125.51,485.086467,0.6414042
12/15/18,21:41,PR-2-06-A,Ambient,Piankatank,Set2,6,43,12.71,119.1,8.4,11.79,,,,
12/15/18,7:47,All-A,Ambient,Sump,Set2,1,Sump,10.35,106.1,13.1,11.77,7.79153152,1125.51,485.086467,0.6414042
12/15/18,21:54,VP-2-01-A,Ambient,VIMS Pier,Set2,1,55,11.44,107,8.9,11.79,,,,
12/15/18,7:47,All-A,Ambient,Sump,Set2,1,Sump,10.35,106.1,13.1,11.77,7.79153152,1125.51,485.086467,0.6414042
12/16/18,10:49,MR-2-03-A,Ambient,Merroir,Set2,3,49,11.77,108.3,8.2,11.75,,,,
12/15/18,19:24,All-A,Ambient,Sump,Set2,1,Sump,10.15,105.4,13.6,11.76,7.7996776,,532.202359,0.74320107
12/16/18,10:56,UC-2-05-A,Ambient,Urbanna Creek,Set2,5,53,11.58,106.7,8.3,11.75,,,,
12/15/18,19:24,All-A,Ambient,Sump,Set2,1,Sump,10.15,105.4,13.6,11.76,7.7996776,,532.202359,0.74320107
12/16/18,7:57,PR-2-02-A,Ambient,Piankatank,Set2,2,2,11.4,105.7,8.4,11.76,7.50679666,,1033.32907,0.31252441
12/15/18,19:24,All-A,Ambient,Sump,Set2,1,Sump,10.15,105.4,13.6,11.76,7.7996776,,532.202359,0.74320107
12/16/18,8:14,PR-2-03-A,Ambient,Piankatank,Set2,3,5,11.54,106.5,8.2,11.76,,,,
12/15/18,19:24,All-A,Ambient,Sump,Set2,1,Sump,10.15,105.4,13.6,11.76,7.7996776,,532.202359,0.74320107
12/16/18,8:21,PR-2-01-A,Ambient,Piankatank,Set2,1,8,11.49,105.8,8.2,11.76,,,,
12/15/18,19:24,All-A,Ambient,Sump,Set2,1,Sump,10.15,105.4,13.6,11.76,7.7996776,,532.202359,0.74320107
12/16/18,8:22,MR-2-06-A,Ambient,Merroir,Set2,6,9,11.59,106.5,8.1,11.76,7.58864812,,850.093671,0.37094664
12/15/18,19:24,All-A,Ambient,Sump,Set2,1,Sump,10.15,105.4,13.6,11.76,7.7996776,,532.202359,0.74320107
12/16/18,8:55,UC-2-01-A,Ambient,Urbanna Creek,Set2,1,18,11.35,106.1,8.9,11.76,,,,
12/15/18,19:24,All-A,Ambient,Sump,Set2,1,Sump,10.15,105.4,13.6,11.76,7.7996776,,532.202359,0.74320107
12/16/18,8:58,MR-2-02-A,Ambient,Merroir,Set2,2,20,11.55,106.7,8.4,11.76,,,,
12/15/18,19:24,All-A,Ambient,Sump,Set2,1,Sump,10.15,105.4,13.6,11.76,7.7996776,,532.202359,0.74320107
12/16/18,9:00,UC-2-04-A,Ambient,Urbanna Creek,Set2,4,21,11.34,105.7,8.7,11.76,7.67480813,,695.991909,0.46108427
12/15/18,19:24,All-A,Ambient,Sump,Set2,1,Sump,10.15,105.4,13.6,11.76,7.7996776,,532.202359,0.74320107
12/16/18,9:09,UC-2-03-A,Ambient,Urbanna Creek,Set2,3,23,11.26,105.8,9,11.76,,,,
12/15/18,19:24,All-A,Ambient,Sump,Set2,1,Sump,10.15,105.4,13.6,11.76,7.7996776,,532.202359,0.74320107
12/16/18,9:59,UC-2-07-A,Ambient,Urbanna Creek,Set2,7,32,11.5,105.8,8.2,11.76,,,,
12/15/18,19:24,All-A,Ambient,Sump,Set2,1,Sump,10.15,105.4,13.6,11.76,7.7996776,,532.202359,0.74320107
12/16/18,10:45,VP-2-05-A,Ambient,VIMS Pier,Set2,5,47,11.57,106.5,8.2,11.76,,,,
12/15/18,19:24,All-A,Ambient,Sump,Set2,1,Sump,10.15,105.4,13.6,11.76,7.7996776,,532.202359,0.74320107
12/16/18,10:53,UC-2-02-A,Ambient,Urbanna Creek,Set2,2,50,11.58,107,8.4,11.76,,,,
12/15/18,19:24,All-A,Ambient,Sump,Set2,1,Sump,10.15,105.4,13.6,11.76,7.7996776,,532.202359,0.74320107
12/16/18,11:01,MR-2-01-A,Ambient,Merroir,Set2,1,56,11.5,106.4,8.4,11.76,,,,
12/15/18,19:24,All-A,Ambient,Sump,Set2,1,Sump,10.15,105.4,13.6,11.76,7.7996776,,532.202359,0.74320107
12/16/18,8:11,PR-2-04-A,Ambient,Piankatank,Set2,4,4,11.44,105.2,8.2,11.77,,,,
12/15/18,19:24,All-A,Ambient,Sump,Set2,1,Sump,10.15,105.4,13.6,11.76,7.7996776,,532.202359,0.74320107
12/16/18,8:17,VP-2-02-A,Ambient,VIMS Pier,Set2,2,6,11.47,105.6,8.3,11.77,,,,
12/15/18,19:24,All-A,Ambient,Sump,Set2,1,Sump,10.15,105.4,13.6,11.76,7.7996776,,532.202359,0.74320107
12/16/18,8:35,VP-2-04-A,Ambient,VIMS Pier,Set2,4,12,11.29,104.4,8.3,11.77,,,,
12/15/18,19:24,All-A,Ambient,Sump,Set2,1,Sump,10.15,105.4,13.6,11.76,7.7996776,,532.202359,0.74320107
12/16/18,8:38,UC-2-06-A,Ambient,Urbanna Creek,Set2,6,13,11.58,106.5,8.2,11.77,,,,
12/15/18,19:24,All-A,Ambient,Sump,Set2,1,Sump,10.15,105.4,13.6,11.76,7.7996776,,532.202359,0.74320107
12/16/18,8:42,MR-2-07-A,Ambient,Merroir,Set2,7,14,11.45,105.5,8.3,11.77,,,,
12/15/18,19:24,All-A,Ambient,Sump,Set2,1,Sump,10.15,105.4,13.6,11.76,7.7996776,,532.202359,0.74320107
12/16/18,8:53,VP-2-06-A,Ambient,VIMS Pier,Set2,6,17,11.3,105.6,8.8,11.77,,,,
12/15/18,19:24,All-A,Ambient,Sump,Set2,1,Sump,10.15,105.4,13.6,11.76,7.7996776,,532.202359,0.74320107
12/16/18,9:26,MR-2-04-A,Ambient,Merroir,Set2,4,27,11.38,106.3,8.5,11.77,,,,
12/15/18,19:24,All-A,Ambient,Sump,Set2,1,Sump,10.15,105.4,13.6,11.76,7.7996776,,532.202359,0.74320107
12/16/18,9:41,VP-2-07-A,Ambient,VIMS Pier,Set2,7,31,11.45,105.1,8.1,11.77,,,,
12/15/18,19:24,All-A,Ambient,Sump,Set2,1,Sump,10.15,105.4,13.6,11.76,7.7996776,,532.202359,0.74320107
12/16/18,10:20,VP-2-03-A,Ambient,VIMS Pier,Set2,3,39,11.55,106.3,8.1,11.77,7.7757405,,544.750988,0.56287762
12/15/18,19:24,All-A,Ambient,Sump,Set2,1,Sump,10.15,105.4,13.6,11.76,7.7996776,,532.202359,0.74320107
12/16/18,10:26,PR-2-05-A,Ambient,Piankatank,Set2,5,40,11.58,106.4,8.1,11.77,,,,
12/15/18,19:24,All-A,Ambient,Sump,Set2,1,Sump,10.15,105.4,13.6,11.76,7.7996776,,532.202359,0.74320107
12/16/18,10:36,PR-2-06-A,Ambient,Piankatank,Set2,6,43,11.71,107.7,8.1,11.77,,,,
12/15/18,19:24,All-A,Ambient,Sump,Set2,1,Sump,10.15,105.4,13.6,11.76,7.7996776,,532.202359,0.74320107
12/16/18,10:42,PR-2-07-A,Ambient,Piankatank,Set2,7,45,11.6,107.8,8.2,11.77,,,,
12/15/18,19:24,All-A,Ambient,Sump,Set2,1,Sump,10.15,105.4,13.6,11.76,7.7996776,,532.202359,0.74320107
12/16/18,10:58,MR-2-05-A,Ambient,Merroir,Set2,5,54,11.49,106.5,8.5,11.77,,,,
12/15/18,19:24,All-A,Ambient,Sump,Set2,1,Sump,10.15,105.4,13.6,11.76,7.7996776,,532.202359,0.74320107
12/16/18,11:00,VP-2-01-A,Ambient,VIMS Pier,Set2,1,55,11.6,106.8,8.2,11.77,,,,
12/15/18,19:24,All-A,Ambient,Sump,Set2,1,Sump,10.15,105.4,13.6,11.76,7.7996776,,532.202359,0.74320107
12/14/18,20:37,MR-2-01-L,Low,Merroir,Set2,1,1,16.98,159.7,8.2,4.71,7.58244653,614.55,477.974585,0.1429745
12/14/18,7:32,All-L,Low,Sump,Set2,1,Sump,10.25,103.3,15.1,4.67,7.50020144,530.965,527.061588,0.13852263
12/14/18,20:52,PR-2-03-L,Low,Piankatank,Set2,3,11,12.35,109,8.8,4.71,,,,
12/14/18,7:32,All-L,Low,Sump,Set2,1,Sump,10.25,103.3,15.1,4.67,7.50020144,530.965,527.061588,0.13852263
12/14/18,21:29,UC-2-02-L,Low,Urbanna Creek,Set2,2,24,12.38,108.9,8.7,4.71,,,,
12/14/18,7:32,All-L,Low,Sump,Set2,1,Sump,10.25,103.3,15.1,4.67,7.50020144,530.965,527.061588,0.13852263
12/14/18,21:31,PR-2-02-L,Low,Piankatank,Set2,2,26,12.36,109.2,8.9,4.71,,,,
12/14/18,7:32,All-L,Low,Sump,Set2,1,Sump,10.25,103.3,15.1,4.67,7.50020144,530.965,527.061588,0.13852263
12/14/18,21:48,UC-2-04-L,Low,Urbanna Creek,Set2,4,29,13.6,119.7,8.1,4.71,,,,
12/14/18,7:32,All-L,Low,Sump,Set2,1,Sump,10.25,103.3,15.1,4.67,7.50020144,530.965,527.061588,0.13852263
12/14/18,22:05,VP-2-02-L,Low,VIMS Pier,Set2,2,41,12.48,110.1,8.7,4.71,,,,
12/14/18,7:32,All-L,Low,Sump,Set2,1,Sump,10.25,103.3,15.1,4.67,7.50020144,530.965,527.061588,0.13852263
12/14/18,20:51,MR-2-05-L,Low,Merroir,Set2,5,10,12.31,108.7,8.9,4.72,,,,
12/14/18,7:32,All-L,Low,Sump,Set2,1,Sump,10.25,103.3,15.1,4.67,7.50020144,530.965,527.061588,0.13852263
12/14/18,21:55,VP-2-05-L,Low,VIMS Pier,Set2,5,34,12.55,109.7,8.3,4.72,,,,
12/14/18,7:32,All-L,Low,Sump,Set2,1,Sump,10.25,103.3,15.1,4.67,7.50020144,530.965,527.061588,0.13852263
12/14/18,22:06,PR-2-07-L,Low,Piankatank,Set2,7,42,12.32,109.3,9,4.72,,,,
12/14/18,7:32,All-L,Low,Sump,Set2,1,Sump,10.25,103.3,15.1,4.67,7.50020144,530.965,527.061588,0.13852263
12/14/18,22:25,UC-2-05-L,Low,Urbanna Creek,Set2,5,44,12.41,108.2,8.2,4.72,,,,
12/14/18,7:32,All-L,Low,Sump,Set2,1,Sump,10.25,103.3,15.1,4.67,7.50020144,530.965,527.061588,0.13852263
12/14/18,22:20,PR-2-01-L,Low,Piankatank,Set2,1,48,12.47,108.6,8.2,4.72,7.58181913,583.94,454.678351,0.13570517
12/14/18,7:32,All-L,Low,Sump,Set2,1,Sump,10.25,103.3,15.1,4.67,7.50020144,530.965,527.061588,0.13852263
12/14/18,20:43,PR-2-06-L,Low,Piankatank,Set2,6,3,12.45,109.1,8.4,4.73,,,,
12/14/18,7:32,All-L,Low,Sump,Set2,1,Sump,10.25,103.3,15.1,4.67,7.50020144,530.965,527.061588,0.13852263
12/14/18,20:47,UC-2-03-L,Low,Urbanna Creek,Set2,3,7,12.39,108.2,8.4,4.73,,,,
12/14/18,7:32,All-L,Low,Sump,Set2,1,Sump,10.25,103.3,15.1,4.67,7.50020144,530.965,527.061588,0.13852263
12/14/18,20:57,UC-2-01-L,Low,Urbanna Creek,Set2,1,15,13.74,128.1,8.2,4.73,7.60051875,605.13,450.886485,0.14677468
12/14/18,7:32,All-L,Low,Sump,Set2,1,Sump,10.25,103.3,15.1,4.67,7.50020144,530.965,527.061588,0.13852263
12/14/18,21:23,MR-2-07-L,Low,Merroir,Set2,7,19,12.33,108.7,8.6,4.73,,,,
12/14/18,7:32,All-L,Low,Sump,Set2,1,Sump,10.25,103.3,15.1,4.67,7.50020144,530.965,527.061588,0.13852263
12/14/18,21:26,PR-2-05-L,Low,Piankatank,Set2,5,22,12.39,108.6,8.4,4.73,,,,
12/14/18,7:32,All-L,Low,Sump,Set2,1,Sump,10.25,103.3,15.1,4.67,7.50020144,530.965,527.061588,0.13852263
12/14/18,21:30,MR-2-02-L,Low,Merroir,Set2,2,25,12.28,108.5,8.9,4.73,,,,
12/14/18,7:32,All-L,Low,Sump,Set2,1,Sump,10.25,103.3,15.1,4.67,7.50020144,530.965,527.061588,0.13852263
12/14/18,21:33,PR-2-04-L,Low,Piankatank,Set2,4,28,12.27,108.7,8.9,4.73,,,,
12/14/18,7:32,All-L,Low,Sump,Set2,1,Sump,10.25,103.3,15.1,4.67,7.50020144,530.965,527.061588,0.13852263
12/14/18,21:56,VP-2-06-L,Low,VIMS Pier,Set2,6,35,12.4,108.8,8.3,4.73,7.57691397,577.62,455.207948,0.1333985
12/14/18,7:32,All-L,Low,Sump,Set2,1,Sump,10.25,103.3,15.1,4.67,7.50020144,530.965,527.061588,0.13852263
12/14/18,22:01,VP-2-07-L,Low,VIMS Pier,Set2,7,37,12.66,111.4,8.5,4.73,,,,
12/14/18,7:32,All-L,Low,Sump,Set2,1,Sump,10.25,103.3,15.1,4.67,7.50020144,530.965,527.061588,0.13852263
12/14/18,22:02,MR-2-03-L,Low,Merroir,Set2,3,38,12.46,109.6,8.6,4.73,,,,
12/14/18,7:32,All-L,Low,Sump,Set2,1,Sump,10.25,103.3,15.1,4.67,7.50020144,530.965,527.061588,0.13852263
12/14/18,22:27,MR-2-04-L,Low,Merroir,Set2,4,46,12.31,108.5,8.4,4.73,,,,
12/14/18,7:32,All-L,Low,Sump,Set2,1,Sump,10.25,103.3,15.1,4.67,7.50020144,530.965,527.061588,0.13852263
12/14/18,22:32,VP-2-03-L,Low,VIMS Pier,Set2,3,52,12.26,108.4,8.6,4.73,,,,
12/14/18,7:32,All-L,Low,Sump,Set2,1,Sump,10.25,103.3,15.1,4.67,7.50020144,530.965,527.061588,0.13852263
12/14/18,21:19,UC-2-07-L,Low,Urbanna Creek,Set2,7,16,16.15,131,8.6,4.74,,,,
12/14/18,7:32,All-L,Low,Sump,Set2,1,Sump,10.25,103.3,15.1,4.67,7.50020144,530.965,527.061588,0.13852263
12/14/18,21:50,VP-2-01-L,Low,VIMS Pier,Set2,1,30,12.65,109.8,8.1,4.74,,,,
12/14/18,7:32,All-L,Low,Sump,Set2,1,Sump,10.25,103.3,15.1,4.67,7.50020144,530.965,527.061588,0.13852263
12/14/18,21:54,VP-2-04-L,Low,VIMS Pier,Set2,4,33,12.36,108,8.3,4.74,,,,
12/14/18,7:32,All-L,Low,Sump,Set2,1,Sump,10.25,103.3,15.1,4.67,7.50020144,530.965,527.061588,0.13852263
12/14/18,22:00,UC-2-06-L,Low,Urbanna Creek,Set2,6,36,14.03,127.8,8.6,4.74,,,,
12/14/18,7:32,All-L,Low,Sump,Set2,1,Sump,10.25,103.3,15.1,4.67,7.50020144,530.965,527.061588,0.13852263
12/14/18,22:31,MR-2-06-L,Low,Merroir,Set2,6,51,12.36,108.1,8.4,4.74,,,,
12/14/18,7:32,All-L,Low,Sump,Set2,1,Sump,10.25,103.3,15.1,4.67,7.50020144,530.965,527.061588,0.13852263
12/15/18,8:28,UC-2-07-L,Low,Urbanna Creek,Set2,7,16,12.14,107,8.4,5.2,,,,
12/14/18,20:07,All-L,Low,Sump,Set2,1,Sump,10.57,111.7,15.4,5.16,7.5319,565.63,517.189265,0.16403674
12/15/18,8:35,MR-2-07-L,Low,Merroir,Set2,7,19,12.18,107.7,8.4,5.2,,,,
12/14/18,20:07,All-L,Low,Sump,Set2,1,Sump,10.57,111.7,15.4,5.16,7.5319,565.63,517.189265,0.16403674
12/15/18,9:07,VP-2-01-L,Low,VIMS Pier,Set2,1,30,13.78,125.1,8.4,5.2,,,,
12/14/18,20:07,All-L,Low,Sump,Set2,1,Sump,10.57,111.7,15.4,5.16,7.5319,565.63,517.189265,0.16403674
12/15/18,9:12,VP-2-05-L,Low,VIMS Pier,Set2,5,34,12.32,109.2,8.5,5.2,7.61553887,,389.791112,0.14169086
12/14/18,20:07,All-L,Low,Sump,Set2,1,Sump,10.57,111.7,15.4,5.16,7.5319,565.63,517.189265,0.16403674
12/15/18,9:16,VP-2-06-L,Low,VIMS Pier,Set2,6,35,13.42,124.9,8.8,5.2,,,,
12/14/18,20:07,All-L,Low,Sump,Set2,1,Sump,10.57,111.7,15.4,5.16,7.5319,565.63,517.189265,0.16403674
12/15/18,9:18,VP-2-07-L,Low,VIMS Pier,Set2,7,37,12.25,109.4,8.8,5.2,,,,
12/14/18,20:07,All-L,Low,Sump,Set2,1,Sump,10.57,111.7,15.4,5.16,7.5319,565.63,517.189265,0.16403674
12/15/18,9:19,MR-2-03-L,Low,Merroir,Set2,3,38,12.16,109.1,9,5.2,,,,
12/14/18,20:07,All-L,Low,Sump,Set2,1,Sump,10.57,111.7,15.4,5.16,7.5319,565.63,517.189265,0.16403674
12/15/18,9:23,PR-2-07-L,Low,Piankatank,Set2,7,42,12.08,109.4,9.1,5.2,,,,
12/14/18,20:07,All-L,Low,Sump,Set2,1,Sump,10.57,111.7,15.4,5.16,7.5319,565.63,517.189265,0.16403674
12/15/18,8:39,PR-2-05-L,Low,Piankatank,Set2,5,22,12.29,108.8,8.5,5.21,,,,
12/14/18,20:07,All-L,Low,Sump,Set2,1,Sump,10.57,111.7,15.4,5.16,7.5319,565.63,517.189265,0.16403674
12/15/18,8:44,PR-2-02-L,Low,Piankatank,Set2,2,26,12.15,108.1,8.6,5.21,7.61501608,,390.484481,0.14220032
12/14/18,20:07,All-L,Low,Sump,Set2,1,Sump,10.57,111.7,15.4,5.16,7.5319,565.63,517.189265,0.16403674
12/15/18,8:49,PR-2-04-L,Low,Piankatank,Set2,4,28,12.04,107.9,9,5.21,,,,
12/14/18,20:07,All-L,Low,Sump,Set2,1,Sump,10.57,111.7,15.4,5.16,7.5319,565.63,517.189265,0.16403674
12/15/18,9:22,VP-2-02-L,Low,VIMS Pier,Set2,2,41,12.13,109.1,9.2,5.21,,,,
12/14/18,20:07,All-L,Low,Sump,Set2,1,Sump,10.57,111.7,15.4,5.16,7.5319,565.63,517.189265,0.16403674
12/15/18,9:43,MR-2-04-L,Low,Merroir,Set2,4,46,12.19,107.9,8.5,5.21,7.6167085,,388.642439,0.14212461
12/14/18,20:07,All-L,Low,Sump,Set2,1,Sump,10.57,111.7,15.4,5.16,7.5319,565.63,517.189265,0.16403674
12/15/18,9:48,PR-2-01-L,Low,Piankatank,Set2,1,48,12.17,108.9,8.9,5.21,,,,
12/14/18,20:07,All-L,Low,Sump,Set2,1,Sump,10.57,111.7,15.4,5.16,7.5319,565.63,517.189265,0.16403674
12/15/18,8:08,PR-2-06-L,Low,Piankatank,Set2,6,3,12.16,107.8,8.3,5.22,,,,
12/14/18,20:07,All-L,Low,Sump,Set2,1,Sump,10.57,111.7,15.4,5.16,7.5319,565.63,517.189265,0.16403674
12/15/18,8:13,UC-2-03-L,Low,Urbanna Creek,Set2,3,7,12.13,109.4,8.6,5.22,,,,
12/14/18,20:07,All-L,Low,Sump,Set2,1,Sump,10.57,111.7,15.4,5.16,7.5319,565.63,517.189265,0.16403674
12/15/18,8:17,MR-2-05-L,Low,Merroir,Set2,5,10,12.13,107.8,8.6,5.22,,,,
12/14/18,20:07,All-L,Low,Sump,Set2,1,Sump,10.57,111.7,15.4,5.16,7.5319,565.63,517.189265,0.16403674
12/15/18,8:18,PR-2-03-L,Low,Piankatank,Set2,3,11,12.14,108.6,8.7,5.22,,,,
12/14/18,20:07,All-L,Low,Sump,Set2,1,Sump,10.57,111.7,15.4,5.16,7.5319,565.63,517.189265,0.16403674
12/15/18,8:42,UC-2-02-L,Low,Urbanna Creek,Set2,2,24,11.99,106.8,8.7,5.22,,,,
12/14/18,20:07,All-L,Low,Sump,Set2,1,Sump,10.57,111.7,15.4,5.16,7.5319,565.63,517.189265,0.16403674
12/15/18,9:03,UC-2-04-L,Low,Urbanna Creek,Set2,4,29,13.57,120.6,8.2,5.22,7.62211675,,382.792709,0.14206416
12/14/18,20:07,All-L,Low,Sump,Set2,1,Sump,10.57,111.7,15.4,5.16,7.5319,565.63,517.189265,0.16403674
12/15/18,9:17,UC-2-06-L,Low,Urbanna Creek,Set2,6,36,12.36,110.3,8.6,5.22,,,,
12/14/18,20:07,All-L,Low,Sump,Set2,1,Sump,10.57,111.7,15.4,5.16,7.5319,565.63,517.189265,0.16403674
12/15/18,9:41,UC-2-05-L,Low,Urbanna Creek,Set2,5,44,12.43,110.5,8.2,5.22,,,,
12/14/18,20:07,All-L,Low,Sump,Set2,1,Sump,10.57,111.7,15.4,5.16,7.5319,565.63,517.189265,0.16403674
12/15/18,9:52,MR-2-06-L,Low,Merroir,Set2,6,51,12.19,108.9,8.8,5.22,,,,
12/14/18,20:07,All-L,Low,Sump,Set2,1,Sump,10.57,111.7,15.4,5.16,7.5319,565.63,517.189265,0.16403674
12/15/18,9:53,VP-2-03-L,Low,VIMS Pier,Set2,3,52,12.06,108.1,9,5.22,,,,
12/14/18,20:07,All-L,Low,Sump,Set2,1,Sump,10.57,111.7,15.4,5.16,7.5319,565.63,517.189265,0.16403674
12/15/18,8:06,MR-2-01-L,Low,Merroir,Set2,1,1,14.33,132.8,8.4,5.23,,,,
12/14/01,20:07,All-L,Low,Sump,Set2,1,Sump,10.57,111.7,15.4,5.16,7.5319,565.63,517.189265,0.16403674
12/15/18,8:26,UC-2-01-L,Low,Urbanna Creek,Set2,1,15,12.36,109.6,8.4,5.23,,,,
12/14/18,20:07,All-L,Low,Sump,Set2,1,Sump,10.57,111.7,15.4,5.16,7.5319,565.63,517.189265,0.16403674
12/15/18,8:43,MR-2-02-L,Low,Merroir,Set2,2,25,12.08,107.6,8.8,5.23,,,,
12/14/18,20:07,All-L,Low,Sump,Set2,1,Sump,10.57,111.7,15.4,5.16,7.5319,565.63,517.189265,0.16403674
12/15/18,9:11,VP-2-04-L,Low,VIMS Pier,Set2,4,33,12.2,108.2,8.6,5.23,,,,
12/14/18,20:07,All-L,Low,Sump,Set2,1,Sump,10.57,111.7,15.4,5.16,7.5319,565.63,517.189265,0.16403674
12/15/18,21:22,VP-2-06-L,Low,VIMS Pier,Set2,6,35,12.12,108,8.8,4.67,,,,
12/15/18,7:47,All-L,Low,Sump,Set2,1,Sump,11.54,128.7,16,4.64,7.55204568,541.29,478.812075,0.16486838
12/15/18,20:56,MR-2-02-L,Low,Merroir,Set2,2,25,11.79,107,9.6,4.68,,,,
12/15/18,7:47,All-L,Low,Sump,Set2,1,Sump,11.54,128.7,16,4.64,7.55204568,541.29,478.812075,0.16486838
12/15/18,21:21,VP-2-05-L,Low,VIMS Pier,Set2,5,34,12.27,109.2,8.8,4.68,,,,
12/15/18,7:47,All-L,Low,Sump,Set2,1,Sump,11.54,128.7,16,4.64,7.55204568,541.29,478.812075,0.16486838
12/15/18,21:25,MR-2-03-L,Low,Merroir,Set2,3,38,12.13,108.6,9,4.68,,,,
12/15/18,7:47,All-L,Low,Sump,Set2,1,Sump,11.54,128.7,16,4.64,7.55204568,541.29,478.812075,0.16486838
12/15/18,21:47,MR-2-04-L,Low,Merroir,Set2,4,46,12.13,108.2,8.6,4.68,,,,
12/15/18,7:47,All-L,Low,Sump,Set2,1,Sump,11.54,128.7,16,4.64,7.55204568,541.29,478.812075,0.16486838
12/15/18,20:24,MR-2-05-L,Low,Merroir,Set2,5,10,12.03,108.3,9,4.69,,,,
12/15/18,7:47,All-L,Low,Sump,Set2,1,Sump,11.54,128.7,16,4.64,7.55204568,541.29,478.812075,0.16486838
12/15/18,20:25,PR-2-03-L,Low,Piankatank,Set2,3,11,12.13,108.7,9.1,4.69,,,,
12/15/18,7:47,All-L,Low,Sump,Set2,1,Sump,11.54,128.7,16,4.64,7.55204568,541.29,478.812075,0.16486838
12/15/18,20:38,UC-2-01-L,Low,Urbanna Creek,Set2,1,15,12.5,115.9,9.6,4.69,7.60116942,,410.631314,0.14065511
12/15/18,7:47,All-L,Low,Sump,Set2,1,Sump,11.54,128.7,16,4.64,7.55204568,541.29,478.812075,0.16486838
12/15/18,20:46,UC-2-07-L,Low,Urbanna Creek,Set2,7,16,11.86,107,9.4,4.69,,,,
12/15/18,7:47,All-L,Low,Sump,Set2,1,Sump,11.54,128.7,16,4.64,7.55204568,541.29,478.812075,0.16486838
12/15/18,20:50,MR-2-07-L,Low,Merroir,Set2,7,19,11.85,107.3,9.2,4.69,,,,
12/15/18,7:47,All-L,Low,Sump,Set2,1,Sump,11.54,128.7,16,4.64,7.55204568,541.29,478.812075,0.16486838
12/15/18,20:53,PR-2-05-L,Low,Piankatank,Set2,5,22,11.99,108.2,9.4,4.69,,,,
12/15/18,7:47,All-L,Low,Sump,Set2,1,Sump,11.54,128.7,16,4.64,7.55204568,541.29,478.812075,0.16486838
12/15/18,20:55,UC-2-02-L,Low,Urbanna Creek,Set2,2,24,11.73,106.7,9.7,4.69,,,,
12/15/18,7:47,All-L,Low,Sump,Set2,1,Sump,11.54,128.7,16,4.64,7.55204568,541.29,478.812075,0.16486838
12/15/18,20:42,PR-2-02-L,Low,Piankatank,Set2,2,26,11.99,106.8,8.9,4.69,7.59662617,,412.891452,0.13503415
12/15/18,7:47,All-L,Low,Sump,Set2,1,Sump,11.54,128.7,16,4.64,7.55204568,541.29,478.812075,0.16486838
12/15/18,20:58,PR-2-04-L,Low,Piankatank,Set2,4,28,11.99,108.1,9.3,4.69,,,,
12/15/18,7:47,All-L,Low,Sump,Set2,1,Sump,11.54,128.7,16,4.64,7.55204568,541.29,478.812075,0.16486838
12/15/18,21:10,UC-2-04-L,Low,Urbanna Creek,Set2,4,29,13.18,118.5,8.4,4.69,,,,
12/15/18,7:47,All-L,Low,Sump,Set2,1,Sump,11.54,128.7,16,4.64,7.55204568,541.29,478.812075,0.16486838
12/15/18,21:12,VP-2-01-L,Low,VIMS Pier,Set2,1,30,12.69,112.7,8.3,4.69,,,,
12/15/18,7:47,All-L,Low,Sump,Set2,1,Sump,11.54,128.7,16,4.64,7.55204568,541.29,478.812075,0.16486838
12/15/18,21:23,UC-2-06-L,Low,Urbanna Creek,Set2,6,36,12.14,108.1,8.8,4.69,,,,
12/15/18,7:47,All-L,Low,Sump,Set2,1,Sump,11.54,128.7,16,4.64,7.55204568,541.29,478.812075,0.16486838
12/15/18,21:24,VP-2-07-L,Low,VIMS Pier,Set2,7,37,12.17,108.2,8.8,4.69,,,,
12/15/18,7:47,All-L,Low,Sump,Set2,1,Sump,11.54,128.7,16,4.64,7.55204568,541.29,478.812075,0.16486838
12/15/18,21:16,VP-2-02-L,Low,VIMS Pier,Set2,2,41,12.27,108.3,8.4,4.69,7.58888963,,418.895184,0.12983528
12/15/18,7:47,All-L,Low,Sump,Set2,1,Sump,11.54,128.7,16,4.64,7.55204568,541.29,478.812075,0.16486838
12/15/18,21:49,PR-2-01-L,Low,Piankatank,Set2,1,48,12.05,108.1,8.8,4.69,,,,
12/15/18,7:47,All-L,Low,Sump,Set2,1,Sump,11.54,128.7,16,4.64,7.55204568,541.29,478.812075,0.16486838
12/15/18,20:08,MR-2-01-L,Low,Merroir,Set2,1,1,13.03,118,8.5,4.7,,,,
12/15/18,7:47,All-L,Low,Sump,Set2,1,Sump,11.54,128.7,16,4.64,7.55204568,541.29,478.812075,0.16486838
12/15/18,20:21,UC-2-03-L,Low,Urbanna Creek,Set2,3,7,12.07,107.7,8.7,4.7,,,,
12/15/18,7:47,All-L,Low,Sump,Set2,1,Sump,11.54,128.7,16,4.64,7.55204568,541.29,478.812075,0.16486838
12/15/18,21:19,VP-2-04-L,Low,VIMS Pier,Set2,4,33,12.2,108.6,8.7,4.7,,,,
12/15/18,7:47,All-L,Low,Sump,Set2,1,Sump,11.54,128.7,16,4.64,7.55204568,541.29,478.812075,0.16486838
12/15/18,21:27,PR-2-07-L,Low,Piankatank,Set2,7,42,12.03,108,9.1,4.7,,,,
12/15/18,7:47,All-L,Low,Sump,Set2,1,Sump,11.54,128.7,16,4.64,7.55204568,541.29,478.812075,0.16486838
12/15/18,21:41,UC-2-05-L,Low,Urbanna Creek,Set2,5,44,12.5,111.3,8.3,4.7,,,,
12/15/18,7:47,All-L,Low,Sump,Set2,1,Sump,11.54,128.7,16,4.64,7.55204568,541.29,478.812075,0.16486838
12/15/18,21:44,MR-2-06-L,Low,Merroir,Set2,6,51,12.3,108.9,8.4,4.7,7.61889579,,390.278004,0.13898494
12/15/18,7:47,All-L,Low,Sump,Set2,1,Sump,11.54,128.7,16,4.64,7.55204568,541.29,478.812075,0.16486838
12/15/18,21:52,VP-2-03-L,Low,VIMS Pier,Set2,3,52,12.05,107.7,8.9,4.7,,,,
12/15/18,7:47,All-L,Low,Sump,Set2,1,Sump,11.54,128.7,16,4.64,7.55204568,541.29,478.812075,0.16486838
12/15/18,20:12,PR-2-06-L,Low,Piankatank,Set2,6,3,12.08,107.1,8.6,4.72,,,,
12/15/18,7:47,All-L,Low,Sump,Set2,1,Sump,11.54,128.7,16,4.64,7.55204568,541.29,478.812075,0.16486838
12/16/18,7:55,MR-2-01-L,Low,Merroir,Set2,1,1,13.11,120.7,8.3,5.08,,,,
12/15/18,19:53,All-L,Low,Sump,Set2,1,Sump,10.95,120.1,16,5.06,7.57492001,,453.666511,0.17825648
12/16/18,8:06,PR-2-06-L,Low,Piankatank,Set2,6,3,11.96,106.4,8.3,5.1,,,,
12/15/18,19:53,All-L,Low,Sump,Set2,1,Sump,10.95,120.1,16,5.06,7.57492001,,453.666511,0.17825648
12/16/18,8:26,MR-2-05-L,Low,Merroir,Set2,5,10,12.09,106.4,8.1,5.1,7.61494224,,389.942705,0.13846678
12/15/18,19:53,All-L,Low,Sump,Set2,1,Sump,10.95,120.1,16,5.06,7.57492001,,453.666511,0.17825648
12/16/18,8:46,UC-2-01-L,Low,Urbanna Creek,Set2,1,15,11.58,104.8,9.5,5.1,,,,
12/15/18,19:53,All-L,Low,Sump,Set2,1,Sump,10.95,120.1,16,5.06,7.57492001,,453.666511,0.17825648
12/16/18,8:49,UC-2-07-L,Low,Urbanna Creek,Set2,7,16,11.8,105.9,9,5.1,,,,
12/15/18,19:53,All-L,Low,Sump,Set2,1,Sump,10.95,120.1,16,5.06,7.57492001,,453.666511,0.17825648
12/16/18,9:13,UC-2-02-L,Low,Urbanna Creek,Set2,2,24,11.8,105.7,8.9,5.1,7.61626421,,391.052071,0.14379121
12/15/18,19:53,All-L,Low,Sump,Set2,1,Sump,10.95,120.1,16,5.06,7.57492001,,453.666511,0.17825648
12/16/18,9:20,MR-2-02-L,Low,Merroir,Set2,2,25,11.76,105.1,8.8,5.1,,,,
12/15/18,19:53,All-L,Low,Sump,Set2,1,Sump,10.95,120.1,16,5.06,7.57492001,,453.666511,0.17825648
12/16/18,9:24,PR-2-02-L,Low,Piankatank,Set2,2,26,12.02,106.7,8.5,5.1,,,,
12/15/18,19:53,All-L,Low,Sump,Set2,1,Sump,10.95,120.1,16,5.06,7.57492001,,453.666511,0.17825648
12/16/18,10:02,VP-2-05-L,Low,VIMS Pier,Set2,5,34,12.23,107.6,8.1,5.1,,,,
12/15/18,19:53,All-L,Low,Sump,Set2,1,Sump,10.95,120.1,16,5.06,7.57492001,,453.666511,0.17825648
12/16/18,10:44,MR-2-04-L,Low,Merroir,Set2,4,46,12.05,106.2,8.2,5.1,,,,
12/15/18,19:53,All-L,Low,Sump,Set2,1,Sump,10.95,120.1,16,5.06,7.57492001,,453.666511,0.17825648
12/16/18,8:18,UC-2-03-L,Low,Urbanna Creek,Set2,3,7,12.17,107,8.1,5.11,,,,
12/15/18,19:53,All-L,Low,Sump,Set2,1,Sump,10.95,120.1,16,5.06,7.57492001,,453.666511,0.17825648
12/16/18,8:29,PR-2-03-L,Low,Piankatank,Set2,3,11,12.08,106.8,8.2,5.11,,,,
12/15/18,19:53,All-L,Low,Sump,Set2,1,Sump,10.95,120.1,16,5.06,7.57492001,,453.666511,0.17825648
12/16/18,9:03,PR-2-05-L,Low,Piankatank,Set2,5,22,10.3,93.5,9.4,5.11,,,,
12/15/18,19:53,All-L,Low,Sump,Set2,1,Sump,10.95,120.1,16,5.06,7.57492001,,453.666511,0.17825648
12/16/18,9:29,PR-2-04-L,Low,Piankatank,Set2,4,28,12,106.4,8.5,5.11,7.61186451,,393.953002,0.13992134
12/15/18,19:53,All-L,Low,Sump,Set2,1,Sump,10.95,120.1,16,5.06,7.57492001,,453.666511,0.17825648
12/16/18,9:35,UC-2-04-L,Low,Urbanna Creek,Set2,4,29,12.14,107.2,8.2,5.11,,,,
12/15/18,19:53,All-L,Low,Sump,Set2,1,Sump,10.95,120.1,16,5.06,7.57492001,,453.666511,0.17825648
12/16/18,9:38,VP-2-01-L,Low,VIMS Pier,Set2,1,30,12.3,108.4,8.1,5.11,,,,
12/15/18,19:53,All-L,Low,Sump,Set2,1,Sump,10.95,120.1,16,5.06,7.57492001,,453.666511,0.17825648
12/16/18,10:03,VP-2-06-L,Low,VIMS Pier,Set2,6,35,12.18,107.1,8.1,5.11,,,,
12/15/18,19:53,All-L,Low,Sump,Set2,1,Sump,10.95,120.1,16,5.06,7.57492001,,453.666511,0.17825648
12/16/18,10:05,UC-2-06-L,Low,Urbanna Creek,Set2,6,36,12.05,106.2,8.1,5.11,,,,
12/15/18,19:53,All-L,Low,Sump,Set2,1,Sump,10.95,120.1,16,5.06,7.57492001,,453.666511,0.17825648
12/16/18,10:07,VP-2-07-L,Low,VIMS Pier,Set2,7,37,12.22,107.4,8.1,5.11,7.1908547,,386.08205,0.13982518
12/15/18,19:53,All-L,Low,Sump,Set2,1,Sump,10.95,120.1,16,5.06,7.57492001,,453.666511,0.17825648
12/16/18,10:17,MR-2-03-L,Low,Merroir,Set2,3,38,12.13,106.9,8.2,5.11,,,,
12/15/18,19:53,All-L,Low,Sump,Set2,1,Sump,10.95,120.1,16,5.06,7.57492001,,453.666511,0.17825648
12/16/18,10:48,PR-2-01-L,Low,Piankatank,Set2,1,48,12.04,106.6,8.3,5.11,,,,
12/15/18,19:53,All-L,Low,Sump,Set2,1,Sump,10.95,120.1,16,5.06,7.57492001,,453.666511,0.17825648
12/16/18,10:55,VP-2-03-L,Low,VIMS Pier,Set2,3,52,12.14,107.1,8.2,5.11,,,,
12/15/18,19:53,All-L,Low,Sump,Set2,1,Sump,10.95,120.1,16,5.06,7.57492001,,453.666511,0.17825648
12/16/18,8:57,MR-2-07-L,Low,Merroir,Set2,7,19,11.98,106.6,8.6,5.12,,,,
12/15/18,19:53,All-L,Low,Sump,Set2,1,Sump,10.95,120.1,16,5.06,7.57492001,,453.666511,0.17825648
12/16/18,10:00,VP-2-04-L,Low,VIMS Pier,Set2,4,33,12.2,107.3,8,5.12,,,,
12/15/18,19:53,All-L,Low,Sump,Set2,1,Sump,10.95,120.1,16,5.06,7.57492001,,453.666511,0.17825648
12/16/18,10:29,VP-2-02-L,Low,VIMS Pier,Set2,2,41,12.16,107.5,8.1,5.12,,,,
12/15/18,19:53,All-L,Low,Sump,Set2,1,Sump,10.95,120.1,16,5.06,7.57492001,,453.666511,0.17825648
12/16/18,10:32,PR-2-07-L,Low,Piankatank,Set2,7,42,12.09,106.6,8.2,5.12,,,,
12/15/18,19:53,All-L,Low,Sump,Set2,1,Sump,10.95,120.1,16,5.06,7.57492001,,453.666511,0.17825648
12/16/18,10:39,UC-2-05-L,Low,Urbanna Creek,Set2,5,44,12.08,106.6,8.1,5.12,,,,
12/15/18,19:53,All-L,Low,Sump,Set2,1,Sump,10.95,120.1,16,5.06,7.57492001,,453.666511,0.17825648
12/16/18,10:52,MR-2-06-L,Low,Merroir,Set2,6,51,12.21,107.4,8.1,5.12,,,,
12/15/18,19:53,All-L,Low,Sump,Set2,1,Sump,10.95,120.1,16,5.06,7.57492001,,453.666511,0.17825648